mean_fit_time,std_fit_time,mean_score_time,std_score_time,param_min_child_weight,param_max_depth,param_learning_rate,param_gamma,param_colsample_bytree,params,split0_test_score,split1_test_score,split2_test_score,mean_test_score,std_test_score,rank_test_score
2.2150020599365234,0.07098084185911749,0.006914377212524414,0.0003603739214530153,1,10,0.15,0.1,0.7,"{'min_child_weight': 1, 'max_depth': 10, 'learning_rate': 0.15, 'gamma': 0.1, 'colsample_bytree': 0.7}",0.9388992644854856,0.9171220400728597,0.8999907772474696,0.9186706939352716,0.01592202544437287,128
0.8848140239715576,0.024688301625898728,0.005754311879475911,0.0005240409755723432,7,4,0.2,0.3,0.7,"{'min_child_weight': 7, 'max_depth': 4, 'learning_rate': 0.2, 'gamma': 0.3, 'colsample_bytree': 0.7}",0.945286020612852,0.9168684143782713,0.8982038689446865,0.92011943464527,0.019358186915934092,76
1.4020869731903076,0.04266823679409904,0.0055090586344401045,8.980278418904387e-05,3,12,0.3,0.2,0.4,"{'min_child_weight': 3, 'max_depth': 12, 'learning_rate': 0.3, 'gamma': 0.2, 'colsample_bytree': 0.4}",0.9325125083581196,0.9152313758041087,0.8982730395886652,0.9153389745836312,0.013978411653370507,245
1.1045866012573242,0.03109596289076378,0.0060160160064697266,3.424773138142018e-05,3,6,0.1,0.0,0.4,"{'min_child_weight': 3, 'max_depth': 6, 'learning_rate': 0.1, 'gamma': 0.0, 'colsample_bytree': 0.4}",0.9413202370247401,0.9160383666505267,0.9019851974821885,0.9197812670524851,0.01627509982596644,86
2.3007025718688965,0.03899714506532065,0.005988279978434245,0.00039563436645142656,1,15,0.1,0.3,0.3,"{'min_child_weight': 1, 'max_depth': 15, 'learning_rate': 0.1, 'gamma': 0.3, 'colsample_bytree': 0.3}",0.9316824606303752,0.9048788360886306,0.8894653109220447,0.9086755358803501,0.017442918894788016,295
0.8190655708312988,0.03263303828930537,0.005408843358357747,0.00026677113070425234,3,5,0.3,0.0,0.4,"{'min_child_weight': 3, 'max_depth': 5, 'learning_rate': 0.3, 'gamma': 0.0, 'colsample_bytree': 0.4}",0.925514744875608,0.9049941204952618,0.9031495699891633,0.9112194784533444,0.010136290353806659,289
1.7079660892486572,0.021489245964263562,0.0058205922444661455,0.0003899356249711225,3,15,0.1,0.4,0.3,"{'min_child_weight': 3, 'max_depth': 15, 'learning_rate': 0.1, 'gamma': 0.4, 'colsample_bytree': 0.3}",0.932062899172258,0.914366742754375,0.899149201079062,0.9151929476685651,0.013449655298251756,246
2.0140187740325928,0.1282929789091614,0.006103992462158203,0.000772632771388769,1,12,0.25,0.4,0.5,"{'min_child_weight': 1, 'max_depth': 12, 'learning_rate': 0.25, 'gamma': 0.4, 'colsample_bytree': 0.5}",0.9368702589287773,0.9163035207857784,0.9031726268704895,0.9187821355283483,0.013868195024719941,123
1.279362440109253,0.1312898859459496,0.005514383316040039,0.0003093892411903379,7,10,0.2,0.2,0.7,"{'min_child_weight': 7, 'max_depth': 10, 'learning_rate': 0.2, 'gamma': 0.2, 'colsample_bytree': 0.7}",0.9401443360771021,0.9132369555693897,0.9002674598233843,0.9178829171566254,0.016607830166142187,167
1.1127737363179524,0.005739209095627446,0.005827585856119792,0.0003167415325157924,3,6,0.15,0.1,0.3,"{'min_child_weight': 3, 'max_depth': 6, 'learning_rate': 0.15, 'gamma': 0.1, 'colsample_bytree': 0.3}",0.9368356736067879,0.9130525005187798,0.8989993313504415,0.9162958351586697,0.015615945131490389,222
1.3247939745585124,0.0011349666702815029,0.005453666051228841,0.00026708956530578214,5,6,0.15,0.3,0.7,"{'min_child_weight': 5, 'max_depth': 6, 'learning_rate': 0.15, 'gamma': 0.3, 'colsample_bytree': 0.7}",0.941631504922644,0.9193816144428304,0.9063429480528463,0.9224520224727736,0.014569171003434876,22
1.209177017211914,0.10405192577828194,0.005997419357299805,0.00036168504455775396,3,6,0.3,0.1,0.5,"{'min_child_weight': 3, 'max_depth': 6, 'learning_rate': 0.3, 'gamma': 0.1, 'colsample_bytree': 0.5}",0.9372161121486707,0.911184893131355,0.9073459223905374,0.9185823092235209,0.013268970888937392,135
1.096401611963908,0.047249808080850796,0.004980723063151042,0.0002446569888374405,1,5,0.05,0.0,0.4,"{'min_child_weight': 1, 'max_depth': 5, 'learning_rate': 0.05, 'gamma': 0.0, 'colsample_bytree': 0.4}",0.9431993728528281,0.9080376288303245,0.8956791404394642,0.9156387140408722,0.02013083032628537,237
1.0140487353007,0.028081363205495306,0.00536656379699707,0.0006026071288281797,7,8,0.3,0.2,0.3,"{'min_child_weight': 7, 'max_depth': 8, 'learning_rate': 0.3, 'gamma': 0.2, 'colsample_bytree': 0.3}",0.9293306587350995,0.9121417537063937,0.8973622927762791,0.9129449017392575,0.013063381149643345,274
1.6919748783111572,0.005997826942386952,0.005387147267659505,0.00047028979143622405,1,10,0.3,0.4,0.5,"{'min_child_weight': 1, 'max_depth': 10, 'learning_rate': 0.3, 'gamma': 0.4, 'colsample_bytree': 0.5}",0.9425422517350304,0.910873625233451,0.9022503516174403,0.9185554095286405,0.01732275307680297,138
2.4242142836252847,0.044520322036040734,0.005349636077880859,0.00041458351628170673,1,12,0.05,0.1,0.3,"{'min_child_weight': 1, 'max_depth': 12, 'learning_rate': 0.05, 'gamma': 0.1, 'colsample_bytree': 0.3}",0.9355560166931821,0.9034493094464042,0.8811648336446012,0.9067233865947291,0.022325469524528064,299
1.4635043144226074,0.046871700514797256,0.006025950113932292,0.0005608223068647037,3,10,0.25,0.4,0.7,"{'min_child_weight': 3, 'max_depth': 10, 'learning_rate': 0.25, 'gamma': 0.4, 'colsample_bytree': 0.7}",0.9381038020797307,0.9100320490650434,0.9044292269027692,0.9175216926825144,0.014732397959932855,182
1.2905236879984539,0.021681022953392682,0.006204525629679362,6.831883817911702e-05,7,6,0.05,0.1,0.5,"{'min_child_weight': 7, 'max_depth': 6, 'learning_rate': 0.05, 'gamma': 0.1, 'colsample_bytree': 0.5}",0.9431878444121647,0.9110119665214085,0.8982153973853495,0.9174717361063075,0.018919596810580933,184
2.329396645228068,0.10467755461554357,0.007034619649251302,0.0003436935557867851,1,15,0.1,0.0,0.4,"{'min_child_weight': 1, 'max_depth': 15, 'learning_rate': 0.1, 'gamma': 0.0, 'colsample_bytree': 0.4}",0.9377810057411635,0.917341080445459,0.8946069954577944,0.916576360548139,0.017634008589051873,212
0.6236450672149658,0.005410490198693566,0.004991054534912109,0.0005134250225430903,3,3,0.05,0.3,0.5,"{'min_child_weight': 3, 'max_depth': 3, 'learning_rate': 0.05, 'gamma': 0.3, 'colsample_bytree': 0.5}",0.9437123884623365,0.9065965737474349,0.8986765350118743,0.9163284990738819,0.019631434009814187,218
1.409538984298706,0.0471847906556939,0.006031195322672526,0.0002454734605935712,7,15,0.1,0.3,0.5,"{'min_child_weight': 7, 'max_depth': 15, 'learning_rate': 0.1, 'gamma': 0.3, 'colsample_bytree': 0.5}",0.94450208664776,0.9164188051924096,0.8964976597265454,0.919139517188905,0.019691926540835035,107
1.431610107421875,0.03131994740800613,0.005598306655883789,0.0005685577808679669,5,10,0.2,0.2,0.4,"{'min_child_weight': 5, 'max_depth': 10, 'learning_rate': 0.2, 'gamma': 0.2, 'colsample_bytree': 0.4}",0.9359249267944018,0.9171105116321967,0.902135067210809,0.9183901685458024,0.013824297306605553,150
1.2962679862976074,0.029707639238197768,0.006423393885294597,0.0010454626571470527,1,6,0.2,0.4,0.7,"{'min_child_weight': 1, 'max_depth': 6, 'learning_rate': 0.2, 'gamma': 0.4, 'colsample_bytree': 0.7}",0.9341956606949344,0.9077378893730833,0.9053630305964815,0.9157655268881664,0.013068087405424733,233
0.6183849970499674,0.014239297286596774,0.0048525333404541016,0.00016409400111278436,5,3,0.2,0.1,0.4,"{'min_child_weight': 5, 'max_depth': 3, 'learning_rate': 0.2, 'gamma': 0.1, 'colsample_bytree': 0.4}",0.9356828295404762,0.913663507873925,0.8985612506052432,0.915969196006548,0.015242266978916966,231
1.232150634129842,0.04867954774051188,0.00550993283589681,0.0001582448527462599,7,15,0.15,0.2,0.5,"{'min_child_weight': 7, 'max_depth': 15, 'learning_rate': 0.15, 'gamma': 0.2, 'colsample_bytree': 0.5}",0.9410435544488254,0.9200502640012912,0.8961518065066519,0.9190818749855895,0.018339767197544737,111
1.7092817624409993,0.059865371352107025,0.006361246109008789,0.0008641477589793432,3,12,0.1,0.3,0.3,"{'min_child_weight': 3, 'max_depth': 12, 'learning_rate': 0.1, 'gamma': 0.3, 'colsample_bytree': 0.3}",0.9323165248668466,0.9127873463835281,0.8926932743077172,0.9125990485193639,0.01617667226352243,278
1.0754636923472087,0.05710955089813239,0.005106528600056966,0.00014965653201675058,5,10,0.3,0.4,0.7,"{'min_child_weight': 5, 'max_depth': 10, 'learning_rate': 0.3, 'gamma': 0.4, 'colsample_bytree': 0.7}",0.9442715178344976,0.912372322519656,0.899264485485693,0.9186361086132822,0.018900343954217927,132
1.4592304229736328,0.03423690584265969,0.0062062740325927734,0.0003457842663629891,5,15,0.1,0.0,0.4,"{'min_child_weight': 5, 'max_depth': 15, 'learning_rate': 0.1, 'gamma': 0.0, 'colsample_bytree': 0.4}",0.939637084687925,0.9142860436697332,0.9000368910101219,0.9179866731225933,0.01637711469480936,164
1.982592264811198,0.04238570657858507,0.005763848622639974,0.00042128737584272376,1,15,0.2,0.3,0.5,"{'min_child_weight': 1, 'max_depth': 15, 'learning_rate': 0.2, 'gamma': 0.3, 'colsample_bytree': 0.5}",0.9406400590256163,0.9199926217979756,0.9062968342901939,0.922309838371262,0.014115981269293488,24
0.9970862865447998,0.01881369436266348,0.005462646484375,0.0005337639125927576,5,5,0.1,0.3,0.5,"{'min_child_weight': 5, 'max_depth': 5, 'learning_rate': 0.1, 'gamma': 0.3, 'colsample_bytree': 0.5}",0.939337345230684,0.9130640289594429,0.9051439902238824,0.919181788138003,0.014614299268876694,104
1.1273366610209148,0.04098657749378067,0.005914370218912761,0.00012585209245939726,5,5,0.15,0.3,0.7,"{'min_child_weight': 5, 'max_depth': 5, 'learning_rate': 0.15, 'gamma': 0.3, 'colsample_bytree': 0.7}",0.9431532590901756,0.917756104309331,0.9054667865624496,0.922125383320652,0.015692577910269952,26
1.7993491490681965,0.029346786230953853,0.005129337310791016,0.0003091851134567073,1,10,0.3,0.1,0.7,"{'min_child_weight': 1, 'max_depth': 10, 'learning_rate': 0.3, 'gamma': 0.1, 'colsample_bytree': 0.7}",0.9363860644209263,0.9131447280440848,0.9016854580249476,0.9170720834966529,0.014436091615583313,195
1.3026450475056965,0.10174743125810128,0.0052522023518880205,0.0005046389795687057,5,10,0.3,0.2,0.7,"{'min_child_weight': 5, 'max_depth': 10, 'learning_rate': 0.3, 'gamma': 0.2, 'colsample_bytree': 0.7}",0.9366512185561781,0.9149892785501833,0.9104931866915681,0.9207112279326432,0.01141975441385269,54
1.3739581902821858,0.11472690803815087,0.006320397059122722,0.0002725930672668218,5,12,0.2,0.2,0.4,"{'min_child_weight': 5, 'max_depth': 12, 'learning_rate': 0.2, 'gamma': 0.2, 'colsample_bytree': 0.4}",0.9368587304881142,0.9145396693643217,0.8977657881994882,0.9163880626839748,0.016013056185366668,216
1.2860770225524902,0.020914206356388736,0.0053136348724365234,0.0008116398074181478,7,12,0.1,0.4,0.3,"{'min_child_weight': 7, 'max_depth': 12, 'learning_rate': 0.1, 'gamma': 0.4, 'colsample_bytree': 0.3}",0.9371123561827027,0.9084526526941966,0.8935463789167878,0.9130371292645624,0.018078747428066446,269
0.9046585559844971,0.05614897028627231,0.005669037501017253,0.0004614401056120297,3,4,0.25,0.2,0.7,"{'min_child_weight': 3, 'max_depth': 4, 'learning_rate': 0.25, 'gamma': 0.2, 'colsample_bytree': 0.7}",0.9345069285928386,0.9146203684489637,0.9083373682875655,0.9191548884431225,0.011154457265323764,106
0.7206606864929199,0.0643802898910154,0.004683971405029297,0.0001894401276371907,5,3,0.25,0.3,0.4,"{'min_child_weight': 5, 'max_depth': 3, 'learning_rate': 0.25, 'gamma': 0.3, 'colsample_bytree': 0.4}",0.9314749486984392,0.9064582324594775,0.9058933388669848,0.9146088400083006,0.011928369347998029,254
1.0463953812917073,0.035131572237007,0.006192604700724284,0.0011640006279972092,7,12,0.3,0.1,0.3,"{'min_child_weight': 7, 'max_depth': 12, 'learning_rate': 0.3, 'gamma': 0.1, 'colsample_bytree': 0.3}",0.9328814184593391,0.9103433169629476,0.9029766433792165,0.9154004596005011,0.012721501795270419,243
1.289241075515747,0.06566590209362189,0.006450653076171875,0.0008342966863585687,5,6,0.05,0.2,0.5,"{'min_child_weight': 5, 'max_depth': 6, 'learning_rate': 0.05, 'gamma': 0.2, 'colsample_bytree': 0.5}",0.93991376726384,0.9162689354637892,0.9009015240598556,0.9190280755958282,0.016045735064763658,116
1.3366531531016033,0.06002286396027994,0.005251010258992513,0.00023081909442131845,7,10,0.2,0.3,0.7,"{'min_child_weight': 7, 'max_depth': 10, 'learning_rate': 0.2, 'gamma': 0.3, 'colsample_bytree': 0.7}",0.9399137672638399,0.9192202162735468,0.9030688709045215,0.9207342848139694,0.015079918204708586,51
1.5255601406097412,0.048593775240289475,0.005176941553751628,0.0006212142778482848,5,10,0.2,0.4,0.5,"{'min_child_weight': 5, 'max_depth': 10, 'learning_rate': 0.2, 'gamma': 0.4, 'colsample_bytree': 0.5}",0.937239169029997,0.917848331834636,0.9038297479882871,0.9196390829509733,0.013697991233658089,87
1.2229657173156738,0.022532575867424222,0.005787452061971028,0.0005398164613227504,3,6,0.15,0.0,0.4,"{'min_child_weight': 3, 'max_depth': 6, 'learning_rate': 0.15, 'gamma': 0.0, 'colsample_bytree': 0.4}",0.936639690115515,0.9123031518756773,0.9054667865624495,0.9181365428512139,0.01337806205913956,157
1.0757429599761963,0.057772306012011124,0.0058441162109375,0.0006343320047406274,3,5,0.15,0.4,0.7,"{'min_child_weight': 3, 'max_depth': 5, 'learning_rate': 0.15, 'gamma': 0.4, 'colsample_bytree': 0.7}",0.9390721910954324,0.9139747757718292,0.9105623573355468,0.9212031080676027,0.012711916878469348,40
0.6820070743560791,0.06543301122794885,0.004861752192179362,0.00045610748859688005,5,3,0.15,0.1,0.7,"{'min_child_weight': 5, 'max_depth': 3, 'learning_rate': 0.15, 'gamma': 0.1, 'colsample_bytree': 0.7}",0.9403633764497015,0.9124760784856241,0.905512900325102,0.9194507850868092,0.015058194240064791,93
1.2651992638905842,0.054248423832849973,0.005870660146077474,0.00016367793841388635,5,10,0.25,0.4,0.3,"{'min_child_weight': 5, 'max_depth': 10, 'learning_rate': 0.25, 'gamma': 0.4, 'colsample_bytree': 0.3}",0.9294113578197414,0.9064467040188143,0.8989647460284521,0.911607602622336,0.012954412329118913,286
0.9162303606669108,0.011462233317495926,0.005220969518025716,0.00071963183065773,7,5,0.05,0.3,0.5,"{'min_child_weight': 7, 'max_depth': 5, 'learning_rate': 0.05, 'gamma': 0.3, 'colsample_bytree': 0.5}",0.9433953563441009,0.9108620967927878,0.8981001129787185,0.9174525220385358,0.019069872339585767,185
1.25629989306132,0.11573200758641304,0.005755424499511719,0.0002531769574500973,5,8,0.1,0.0,0.4,"{'min_child_weight': 5, 'max_depth': 8, 'learning_rate': 0.1, 'gamma': 0.0, 'colsample_bytree': 0.4}",0.9414931636346867,0.9132369555693897,0.9001867607387425,0.9183056266476063,0.017239940060314974,152
1.440500259399414,0.028384625246448796,0.005559364954630534,0.0009659473015482263,5,15,0.05,0.3,0.3,"{'min_child_weight': 5, 'max_depth': 15, 'learning_rate': 0.05, 'gamma': 0.3, 'colsample_bytree': 0.3}",0.9305526734453897,0.9182748841391714,0.8900532613958635,0.9129602729934749,0.016955518527641645,272
1.2701420783996582,0.017921556864879364,0.006693919499715169,0.0007210303777408574,5,8,0.05,0.1,0.3,"{'min_child_weight': 5, 'max_depth': 8, 'learning_rate': 0.05, 'gamma': 0.1, 'colsample_bytree': 0.3}",0.9312674367665029,0.9183209979018238,0.8897650503792857,0.9131178283492041,0.01733814194203924,266
1.2228802839914958,0.03970695703835965,0.006187995274861653,0.0006896705774512915,7,10,0.1,0.2,0.4,"{'min_child_weight': 7, 'max_depth': 10, 'learning_rate': 0.1, 'gamma': 0.2, 'colsample_bytree': 0.4}",0.9404901892969957,0.9169260565815868,0.8972700652509741,0.918228770376519,0.01766857055266976,156
1.5751914978027344,0.03096432713960155,0.005382458368937175,0.00021886681274810185,5,12,0.1,0.4,0.4,"{'min_child_weight': 5, 'max_depth': 12, 'learning_rate': 0.1, 'gamma': 0.4, 'colsample_bytree': 0.4}",0.9422886260404418,0.9152198473634456,0.9010168084664869,0.9195084272901247,0.01711986506576673,91
1.2509106000264485,0.02731848006118355,0.005433003107706706,0.000518347079997448,5,8,0.25,0.1,0.7,"{'min_child_weight': 5, 'max_depth': 8, 'learning_rate': 0.25, 'gamma': 0.1, 'colsample_bytree': 0.7}",0.9390606626547694,0.9119227133337944,0.9034147241244148,0.9181327000376595,0.015200464566893798,158
1.2963822682698567,0.07830440896881923,0.005093097686767578,0.00041952245007841624,7,8,0.15,0.1,0.4,"{'min_child_weight': 7, 'max_depth': 8, 'learning_rate': 0.15, 'gamma': 0.1, 'colsample_bytree': 0.4}",0.9386110534689079,0.9191856309515574,0.89625556247262,0.9180174156310285,0.017311276665043073,162
0.7346885999043783,0.01753739132313587,0.005283037821451823,0.0003169692491601261,5,4,0.3,0.3,0.3,"{'min_child_weight': 5, 'max_depth': 4, 'learning_rate': 0.3, 'gamma': 0.3, 'colsample_bytree': 0.3}",0.9343685873048811,0.9048211938853151,0.8947799220677413,0.9113232344193124,0.016803233858276426,288
1.1748793125152588,0.00011895104092018115,0.0050516923268636065,0.000628587688780038,7,8,0.3,0.4,0.5,"{'min_child_weight': 7, 'max_depth': 8, 'learning_rate': 0.3, 'gamma': 0.4, 'colsample_bytree': 0.5}",0.9470844573562981,0.9134790528233151,0.9009476378225081,0.9205037160007071,0.019479235931973513,61
1.0828393300374348,0.04537769804154119,0.006047725677490234,0.0013191964481606255,7,6,0.15,0.2,0.7,"{'min_child_weight': 7, 'max_depth': 6, 'learning_rate': 0.15, 'gamma': 0.2, 'colsample_bytree': 0.7}",0.9452860206128518,0.918540038274423,0.906804085679371,0.9235433815222153,0.016103620955085118,10
1.4531906445821126,0.06574535842242321,0.0051000118255615234,0.00015594409889113477,7,15,0.05,0.1,0.3,"{'min_child_weight': 7, 'max_depth': 15, 'learning_rate': 0.05, 'gamma': 0.1, 'colsample_bytree': 0.3}",0.9354983744898665,0.9110811371653871,0.8901454889211686,0.9122416668588075,0.018533414494345677,282
1.8650012016296387,0.022371228015500046,0.007038036982218425,0.0005534511746336792,1,8,0.05,0.4,0.7,"{'min_child_weight': 1, 'max_depth': 8, 'learning_rate': 0.05, 'gamma': 0.4, 'colsample_bytree': 0.7}",0.945781743561366,0.90720758110258,0.8987802909778423,0.9172565385472627,0.020461676300409192,188
1.3133803208669026,0.10431392797901468,0.005136013031005859,0.00025926241868499245,5,12,0.15,0.2,0.3,"{'min_child_weight': 5, 'max_depth': 12, 'learning_rate': 0.15, 'gamma': 0.2, 'colsample_bytree': 0.3}",0.9350948790666573,0.9082797260842498,0.8956791404394642,0.9130179151967903,0.01643650287077416,271
1.2807943026224773,0.02068975517144748,0.005313714345296224,0.0006421294246758973,7,15,0.05,0.3,0.3,"{'min_child_weight': 7, 'max_depth': 15, 'learning_rate': 0.05, 'gamma': 0.3, 'colsample_bytree': 0.3}",0.9338498074750409,0.9131447280440848,0.8893500265154136,0.912114854011513,0.01818154937944738,283
0.930567741394043,0.009047039689995307,0.00504612922668457,0.0001828035748433394,5,6,0.3,0.3,0.3,"{'min_child_weight': 5, 'max_depth': 6, 'learning_rate': 0.3, 'gamma': 0.3, 'colsample_bytree': 0.3}",0.9272440109750755,0.9126259482142446,0.894468654169837,0.9114462044530525,0.013406462370419892,287
1.0691953500111897,0.0534633583343613,0.006564776102701823,0.00029352160040841524,5,6,0.15,0.3,0.4,"{'min_child_weight': 5, 'max_depth': 6, 'learning_rate': 0.15, 'gamma': 0.3, 'colsample_bytree': 0.4}",0.9367203892001568,0.9196928823407345,0.9065735168661087,0.9209955961356666,0.012341833340444973,46
1.3260900179545085,0.12458504589481226,0.0051203568776448565,0.00032141278909270435,1,6,0.25,0.4,0.7,"{'min_child_weight': 1, 'max_depth': 6, 'learning_rate': 0.25, 'gamma': 0.4, 'colsample_bytree': 0.7}",0.9388300938415071,0.9195199557307879,0.9124991353669503,0.9236163949797485,0.011132997632788952,9
2.005505084991455,0.1980310065708086,0.005257924397786458,0.00011649821300019868,1,10,0.15,0.3,0.7,"{'min_child_weight': 1, 'max_depth': 10, 'learning_rate': 0.15, 'gamma': 0.3, 'colsample_bytree': 0.7}",0.9387493947568651,0.9134790528233152,0.9019160268382098,0.9180481581394634,0.015380329224917933,159
1.018526554107666,0.04674920871404674,0.00567166010538737,0.0005984241215899115,3,6,0.25,0.4,0.3,"{'min_child_weight': 3, 'max_depth': 6, 'learning_rate': 0.25, 'gamma': 0.4, 'colsample_bytree': 0.3}",0.9281086440248092,0.9216757741347905,0.902734546125291,0.9175063214282969,0.010770312993203376,183
1.4310286045074463,0.02204292054236216,0.00648800532023112,0.0012169253349271312,7,15,0.05,0.1,0.4,"{'min_child_weight': 7, 'max_depth': 15, 'learning_rate': 0.05, 'gamma': 0.1, 'colsample_bytree': 0.4}",0.9436374535980262,0.9118535426898157,0.8926702174263909,0.9160537379047442,0.021018182931713283,229
0.7329692840576172,0.0414468825119347,0.004973649978637695,0.00028227517974878825,7,4,0.25,0.0,0.7,"{'min_child_weight': 7, 'max_depth': 4, 'learning_rate': 0.25, 'gamma': 0.0, 'colsample_bytree': 0.7}",0.9449401673929584,0.9202462474925641,0.9039796177169076,0.9230553442008099,0.01683963431270138,13
0.5910523732503256,0.03999891115789296,0.004289309183756511,0.00015182307582710855,5,3,0.25,0.2,0.5,"{'min_child_weight': 5, 'max_depth': 3, 'learning_rate': 0.25, 'gamma': 0.2, 'colsample_bytree': 0.5}",0.9402019782804178,0.9173871942081114,0.9020082543635147,0.9198658089506813,0.015690714556529244,83
1.0678545633951824,0.08802873129380671,0.005432685216267903,0.0007765209386049595,5,15,0.3,0.3,0.3,"{'min_child_weight': 5, 'max_depth': 15, 'learning_rate': 0.3, 'gamma': 0.3, 'colsample_bytree': 0.3}",0.9284544972447026,0.9093288141845933,0.8995065827396187,0.9124299647229716,0.01201965860703969,280
1.2222846349080403,0.05665620040418656,0.00566403071085612,0.0004818192853241123,3,15,0.3,0.4,0.4,"{'min_child_weight': 3, 'max_depth': 15, 'learning_rate': 0.3, 'gamma': 0.4, 'colsample_bytree': 0.4}",0.9374236240806068,0.9148278803808998,0.9035184800903829,0.9185899948506299,0.01409503047677837,134
0.6946163177490234,0.02057910515145181,0.004784425099690755,0.00023483300822679513,7,4,0.25,0.2,0.3,"{'min_child_weight': 7, 'max_depth': 4, 'learning_rate': 0.25, 'gamma': 0.2, 'colsample_bytree': 0.3}",0.9358211708284337,0.9146088400083004,0.8960249936593575,0.9154850014986972,0.01625852952629413,239
1.674573262532552,0.017536231980886004,0.005931774775187175,0.00013215306678323897,3,8,0.1,0.2,0.7,"{'min_child_weight': 3, 'max_depth': 8, 'learning_rate': 0.1, 'gamma': 0.2, 'colsample_bytree': 0.7}",0.9387839800788544,0.9108159830301353,0.9057549975790273,0.9184516535626724,0.014524829766175395,144
0.8428598244984945,0.03668345380378829,0.004814306894938151,0.00012827485799600942,7,4,0.15,0.1,0.7,"{'min_child_weight': 7, 'max_depth': 4, 'learning_rate': 0.15, 'gamma': 0.1, 'colsample_bytree': 0.7}",0.9448709967489798,0.9126490050955708,0.8950566046436559,0.9175255354960689,0.020626905193072066,180
0.8690830866495768,0.033411942923092075,0.005406538645426433,0.0007008479580911936,3,4,0.05,0.4,0.4,"{'min_child_weight': 3, 'max_depth': 4, 'learning_rate': 0.05, 'gamma': 0.4, 'colsample_bytree': 0.4}",0.9427267067856403,0.9098014802517812,0.8960826358626732,0.916203607633365,0.01957307273312349,225
0.636559009552002,0.01923879300557851,0.0050245920817057295,0.0008191161512629364,3,3,0.25,0.4,0.7,"{'min_child_weight': 3, 'max_depth': 3, 'learning_rate': 0.25, 'gamma': 0.4, 'colsample_bytree': 0.7}",0.9360286827603699,0.9172719098014803,0.9008208249752139,0.9180404725123547,0.014383817966389694,161
1.4290680090586345,0.057468013731017106,0.0059426625569661455,0.0005114729392053953,1,8,0.25,0.1,0.4,"{'min_child_weight': 1, 'max_depth': 8, 'learning_rate': 0.25, 'gamma': 0.1, 'colsample_bytree': 0.4}",0.9378732332664684,0.9172373244794909,0.9019621406008623,0.9190242327822739,0.014714990657406779,117
1.5831607182820637,0.033520024334555705,0.00624696413675944,0.000552731722396802,5,12,0.05,0.0,0.7,"{'min_child_weight': 5, 'max_depth': 12, 'learning_rate': 0.05, 'gamma': 0.0, 'colsample_bytree': 0.7}",0.9451822646468839,0.9167646584123033,0.9056858269350487,0.9225442499980786,0.016634199853614712,21
1.158445676167806,0.038605164455515706,0.0055116017659505205,0.0002926424225414444,5,6,0.3,0.4,0.5,"{'min_child_weight': 5, 'max_depth': 6, 'learning_rate': 0.3, 'gamma': 0.4, 'colsample_bytree': 0.5}",0.9353254478799198,0.9199119227133339,0.9125452491296028,0.9225942065742855,0.009491411865787834,19
1.2260473569234211,0.0652364547360336,0.0063025156656901045,0.00048620177061242605,7,6,0.05,0.1,0.7,"{'min_child_weight': 7, 'max_depth': 6, 'learning_rate': 0.05, 'gamma': 0.1, 'colsample_bytree': 0.7}",0.9452629637315256,0.9123377371976664,0.9000484194507852,0.9192163734599924,0.01908883585154421,102
1.7316757837931316,0.09468541208976598,0.006511370340983073,0.000707861785686836,3,15,0.05,0.1,0.3,"{'min_child_weight': 3, 'max_depth': 15, 'learning_rate': 0.05, 'gamma': 0.1, 'colsample_bytree': 0.3}",0.9366858038781676,0.9134790528233152,0.8887044338382791,0.9129564301799206,0.019591797918971393,273
1.2075479825337727,0.026446274440321483,0.0056790510813395185,0.0003371192808017125,7,15,0.1,0.0,0.5,"{'min_child_weight': 7, 'max_depth': 15, 'learning_rate': 0.1, 'gamma': 0.0, 'colsample_bytree': 0.5}",0.9429226902769132,0.9188513061723271,0.897650503792857,0.9198081667473659,0.018494673176923805,84
1.7746566931406658,0.061826174171435745,0.005860567092895508,0.00024758855886721756,3,12,0.05,0.0,0.5,"{'min_child_weight': 3, 'max_depth': 12, 'learning_rate': 0.05, 'gamma': 0.0, 'colsample_bytree': 0.5}",0.9413317654654031,0.9122800949943511,0.9083258398469023,0.9206459001022189,0.014715927942439802,57
1.1703906059265137,0.06302220048049284,0.00577235221862793,0.00013138760246923466,3,8,0.25,0.3,0.3,"{'min_child_weight': 3, 'max_depth': 8, 'learning_rate': 0.25, 'gamma': 0.3, 'colsample_bytree': 0.3}",0.9295612275483618,0.9184247538677919,0.9072652233058955,0.9184170682406831,0.00910230723852168,147
1.2229517300923665,0.06241642260751786,0.005948702494303386,0.0007415873199262661,1,6,0.1,0.0,0.5,"{'min_child_weight': 1, 'max_depth': 6, 'learning_rate': 0.1, 'gamma': 0.0, 'colsample_bytree': 0.5}",0.9415392773973391,0.9170528694288811,0.9020774250074935,0.9202231906112379,0.016265457280362893,71
0.6010700066884359,0.019330278096703343,0.005422671635945638,0.0005503576842716181,1,3,0.15,0.4,0.5,"{'min_child_weight': 1, 'max_depth': 3, 'learning_rate': 0.15, 'gamma': 0.4, 'colsample_bytree': 0.5}",0.9439371930552674,0.9125683060109289,0.9034723663277305,0.9199926217979756,0.01733379933735894,78
1.4452054500579834,0.031744758103007975,0.0058739980061848955,0.00017087747850028475,7,8,0.05,0.1,0.5,"{'min_child_weight': 7, 'max_depth': 8, 'learning_rate': 0.05, 'gamma': 0.1, 'colsample_bytree': 0.5}",0.9428650480735976,0.912176339028383,0.8990915588757464,0.918044315325909,0.01834583419580303,160
0.8421606222788492,0.048425650883000895,0.004955609639485677,0.0001915632906823952,3,4,0.1,0.1,0.7,"{'min_child_weight': 3, 'max_depth': 4, 'learning_rate': 0.1, 'gamma': 0.1, 'colsample_bytree': 0.7}",0.9435913398353738,0.921422148440202,0.9083258398469023,0.9244464427074927,0.014555036681978202,4
1.4667234420776367,0.026094555977239524,0.006087938944498698,0.0009610064564570198,5,8,0.05,0.1,0.4,"{'min_child_weight': 5, 'max_depth': 8, 'learning_rate': 0.05, 'gamma': 0.1, 'colsample_bytree': 0.4}",0.9370777708607133,0.9155426437020129,0.8953448156602338,0.91598841007432,0.017040323122627238,230
1.8961997826894124,0.031122128101264197,0.0056955814361572266,0.00023065721203817486,1,15,0.25,0.1,0.3,"{'min_child_weight': 1, 'max_depth': 15, 'learning_rate': 0.25, 'gamma': 0.1, 'colsample_bytree': 0.3}",0.9355214313711927,0.921422148440202,0.8989878029097783,0.918643794240391,0.015043624146325743,131
0.9382665952046713,0.02287676598074327,0.005224386850992839,0.000943895397476967,7,5,0.15,0.1,0.5,"{'min_child_weight': 7, 'max_depth': 5, 'learning_rate': 0.15, 'gamma': 0.1, 'colsample_bytree': 0.5}",0.9428881049549238,0.9212953355929077,0.8997832653155335,0.9213222352877883,0.017597487373288572,38
1.4515499273935955,0.02929206231953759,0.005734682083129883,0.0006208846753367808,3,8,0.1,0.4,0.3,"{'min_child_weight': 3, 'max_depth': 8, 'learning_rate': 0.1, 'gamma': 0.4, 'colsample_bytree': 0.3}",0.9342302460169237,0.9125452491296028,0.8969126835904174,0.914562726245648,0.01530147654747461,257
1.79246719678243,0.07980900771012911,0.006791830062866211,0.00017556124931642815,5,10,0.05,0.2,0.7,"{'min_child_weight': 5, 'max_depth': 10, 'learning_rate': 0.05, 'gamma': 0.2, 'colsample_bytree': 0.7}",0.9455050609854511,0.9146895390929423,0.9019621406008624,0.9207189135597519,0.018280435739708504,52
0.7212026119232178,0.003078412518100696,0.005704323450724284,0.0010944027653718305,5,3,0.2,0.1,0.3,"{'min_child_weight': 5, 'max_depth': 3, 'learning_rate': 0.2, 'gamma': 0.1, 'colsample_bytree': 0.3}",0.9362823084549584,0.9082566692029237,0.894572410135805,0.9130371292645624,0.01736027079760414,269
1.065060059229533,0.004242873402254358,0.006139357884724935,0.0005044929747364747,7,5,0.3,0.3,0.5,"{'min_child_weight': 7, 'max_depth': 5, 'learning_rate': 0.3, 'gamma': 0.3, 'colsample_bytree': 0.5}",0.9385418828249291,0.9290424477185216,0.9064697609001408,0.9246846971478638,0.013451090258579386,3
0.95182204246521,0.007941048304889654,0.0055887699127197266,0.0005226331394464189,5,4,0.1,0.3,0.5,"{'min_child_weight': 5, 'max_depth': 4, 'learning_rate': 0.1, 'gamma': 0.3, 'colsample_bytree': 0.5}",0.9419773581425377,0.9138249060432085,0.9029881718198797,0.9195968120018754,0.016432190690278344,89
0.7532556851704916,0.016431750083854536,0.005218346913655599,0.0007052435361584898,3,3,0.1,0.1,0.5,"{'min_child_weight': 3, 'max_depth': 3, 'learning_rate': 0.1, 'gamma': 0.1, 'colsample_bytree': 0.5}",0.942115699430495,0.9149201079062047,0.9037721057849716,0.9202693043738904,0.0161042069151859,70
1.9601322809855144,0.016240900256228624,0.0065250396728515625,0.00029717980885357343,1,8,0.1,0.1,0.5,"{'min_child_weight': 1, 'max_depth': 8, 'learning_rate': 0.1, 'gamma': 0.1, 'colsample_bytree': 0.5}",0.9405593599409744,0.9147471812962579,0.8981808120633603,0.9178291177668642,0.017437681026261247,168
1.484031359354655,0.11712160229751505,0.005374987920125325,9.20732780904507e-05,1,8,0.3,0.0,0.7,"{'min_child_weight': 1, 'max_depth': 8, 'learning_rate': 0.3, 'gamma': 0.0, 'colsample_bytree': 0.7}",0.9453436628161674,0.9154273592953817,0.9050748195799037,0.921948613897151,0.01707415210354567,30
1.4725646177927654,0.059752053430301794,0.005304733912150065,5.909265392671807e-05,7,12,0.1,0.0,0.4,"{'min_child_weight': 7, 'max_depth': 12, 'learning_rate': 0.1, 'gamma': 0.0, 'colsample_bytree': 0.4}",0.9423001544811049,0.9169260565815868,0.8954946853888542,0.918240298817182,0.019130837387610185,155
0.6687656243642172,0.02483766228623147,0.004818518956502278,0.00030044464186719695,1,3,0.05,0.1,0.7,"{'min_child_weight': 1, 'max_depth': 3, 'learning_rate': 0.05, 'gamma': 0.1, 'colsample_bytree': 0.7}",0.943447234327085,0.9151967904821194,0.9020255470245094,0.9202231906112379,0.017279806488916274,71
1.2382697264353435,0.0063758615792003474,0.00644834836324056,0.0004430277131778443,3,8,0.25,0.1,0.4,"{'min_child_weight': 3, 'max_depth': 8, 'learning_rate': 0.25, 'gamma': 0.1, 'colsample_bytree': 0.4}",0.9360978534043485,0.912476078485624,0.9003366304673631,0.9163035207857785,0.014848192985634117,221
1.3441473642985027,0.041152577217191344,0.006219625473022461,0.0004902280628952595,3,8,0.25,0.3,0.4,"{'min_child_weight': 3, 'max_depth': 8, 'learning_rate': 0.25, 'gamma': 0.3, 'colsample_bytree': 0.4}",0.9319937285282793,0.9151852620414562,0.8966360010145028,0.9146049971947461,0.014440562182128115,255
1.0751623312632244,0.06562109192123004,0.005219618479410808,0.0004068484495865157,7,6,0.3,0.1,0.7,"{'min_child_weight': 7, 'max_depth': 6, 'learning_rate': 0.3, 'gamma': 0.1, 'colsample_bytree': 0.7}",0.94202347190519,0.9170067556662287,0.9059509810703005,0.921660402880573,0.01508969787758032,32
1.2766609191894531,0.062116276520989964,0.005007823308308919,0.0002125943709286528,7,10,0.3,0.3,0.7,"{'min_child_weight': 7, 'max_depth': 10, 'learning_rate': 0.3, 'gamma': 0.3, 'colsample_bytree': 0.7}",0.9384035415369719,0.9180789006478983,0.9050287058172513,0.9205037160007071,0.01373267907707739,61
1.1883586247762044,0.03647197244682081,0.005083322525024414,0.00042721083508337845,1,5,0.05,0.2,0.5,"{'min_child_weight': 1, 'max_depth': 5, 'learning_rate': 0.05, 'gamma': 0.2, 'colsample_bytree': 0.5}",0.9460814830186068,0.9090406031680155,0.8997025662308916,0.9182748841391714,0.02002839549891006,153
1.5591843128204346,0.07272362574356467,0.0057455698649088545,0.0005411120090906053,7,15,0.05,0.2,0.5,"{'min_child_weight': 7, 'max_depth': 15, 'learning_rate': 0.05, 'gamma': 0.2, 'colsample_bytree': 0.5}",0.9427382352263032,0.9138364344838716,0.8938000046113762,0.9167915581071836,0.020087926235290963,206
1.4250411192576091,0.03129442927209324,0.006042321523030599,0.000435375667608733,7,8,0.1,0.1,0.4,"{'min_child_weight': 7, 'max_depth': 8, 'learning_rate': 0.1, 'gamma': 0.1, 'colsample_bytree': 0.4}",0.9404094902123539,0.9159922528878743,0.8944225404071845,0.9169414278358042,0.018786086835867393,198
0.9876174926757812,0.03225105320485172,0.005564053853352864,0.0007949576286265864,7,5,0.2,0.2,0.3,"{'min_child_weight': 7, 'max_depth': 5, 'learning_rate': 0.2, 'gamma': 0.2, 'colsample_bytree': 0.3}",0.9394295727559889,0.9159230822438957,0.8910677641742177,0.9154734730580341,0.01974618517823933,240
1.3227914969126384,0.03488579944390358,0.005767504374186198,0.00010218238195452051,7,8,0.25,0.2,0.7,"{'min_child_weight': 7, 'max_depth': 8, 'learning_rate': 0.25, 'gamma': 0.2, 'colsample_bytree': 0.7}",0.9429226902769132,0.9133407115353579,0.9073343939498744,0.9211992652540486,0.015555264034562732,41
1.1224769751230876,0.026952856966514206,0.0065920352935791016,0.0003330256680295948,7,6,0.3,0.4,0.5,"{'min_child_weight': 7, 'max_depth': 6, 'learning_rate': 0.3, 'gamma': 0.4, 'colsample_bytree': 0.5}",0.9409743838048465,0.9204422309838372,0.9069424269673284,0.922786347252004,0.013992013968848752,16
1.025558074315389,0.036334459707530416,0.005064646402994792,0.00037596406759883344,5,5,0.25,0.4,0.5,"{'min_child_weight': 5, 'max_depth': 5, 'learning_rate': 0.25, 'gamma': 0.4, 'colsample_bytree': 0.5}",0.9364321781835788,0.9173756657674483,0.9083488967282285,0.9207189135597519,0.011706142367027174,52
0.7365673383076986,0.019307903901940628,0.004956722259521484,0.0005299848204513785,7,3,0.15,0.1,0.7,"{'min_child_weight': 7, 'max_depth': 3, 'learning_rate': 0.15, 'gamma': 0.1, 'colsample_bytree': 0.7}",0.9454704756634617,0.9115538032325747,0.8986650065712113,0.9185630951557493,0.019740577738668313,137
1.074803352355957,0.04957867939323552,0.005218108495076497,0.000340920746462724,5,5,0.05,0.0,0.5,"{'min_child_weight': 5, 'max_depth': 5, 'learning_rate': 0.05, 'gamma': 0.0, 'colsample_bytree': 0.5}",0.9403403195683753,0.9129026307901593,0.9005095570773098,0.9179175024786148,0.016642998802172453,166
1.6939250628153484,0.035816661727869036,0.006058692932128906,0.000333596811714512,3,12,0.15,0.1,0.7,"{'min_child_weight': 3, 'max_depth': 12, 'learning_rate': 0.15, 'gamma': 0.1, 'colsample_bytree': 0.7}",0.9342187175762606,0.9130986142814324,0.9131216711627584,0.9201463343401505,0.009950682065832125,75
1.8751323223114014,0.08366686024424273,0.0055980682373046875,0.0003235455782440851,3,15,0.1,0.3,0.4,"{'min_child_weight': 3, 'max_depth': 15, 'learning_rate': 0.1, 'gamma': 0.3, 'colsample_bytree': 0.4}",0.9372045837080077,0.9150815060754882,0.9050632911392406,0.9191164603075789,0.013428236760376043,108
1.2354612350463867,0.011968701580434211,0.005501985549926758,0.0005523046877803,5,15,0.3,0.2,0.5,"{'min_child_weight': 5, 'max_depth': 15, 'learning_rate': 0.3, 'gamma': 0.2, 'colsample_bytree': 0.5}",0.9357174148624657,0.9168914712595975,0.9006709552465934,0.9177599471228856,0.014320830298218953,174
0.6060338020324707,0.005995070299705698,0.005028168360392253,0.0005587335317669118,5,3,0.2,0.2,0.5,"{'min_child_weight': 5, 'max_depth': 3, 'learning_rate': 0.2, 'gamma': 0.2, 'colsample_bytree': 0.5}",0.9353830900832353,0.9152890180074242,0.9015125314150009,0.9173948798352201,0.013907544155431209,186
0.6430064042409261,0.01883393438801725,0.00457000732421875,0.00017381493865345897,1,3,0.1,0.4,0.4,"{'min_child_weight': 1, 'max_depth': 3, 'learning_rate': 0.1, 'gamma': 0.4, 'colsample_bytree': 0.4}",0.9445136150884232,0.9075822554241314,0.8990339166724309,0.9170432623949952,0.01973547958507644,196
0.839224656422933,0.02396407566378707,0.00501712163289388,0.00012618693555836396,3,4,0.3,0.4,0.5,"{'min_child_weight': 3, 'max_depth': 4, 'learning_rate': 0.3, 'gamma': 0.4, 'colsample_bytree': 0.5}",0.9341956606949345,0.9174678932927532,0.9050978764612299,0.9189204768163058,0.011923443602066215,119
1.1625607013702393,0.02045741153598675,0.005956172943115234,0.0006263883928549173,7,6,0.25,0.2,0.5,"{'min_child_weight': 7, 'max_depth': 6, 'learning_rate': 0.25, 'gamma': 0.2, 'colsample_bytree': 0.5}",0.9392797030273685,0.9208803117290355,0.900728597449909,0.9202962040687711,0.01574384158182056,68
1.0186896324157715,0.018546999746071217,0.005703051884969075,0.0007614313641592153,7,5,0.25,0.3,0.7,"{'min_child_weight': 7, 'max_depth': 5, 'learning_rate': 0.25, 'gamma': 0.3, 'colsample_bytree': 0.7}",0.9430725600055335,0.9165456180397039,0.9001060616541006,0.9199080798997793,0.01770140498126762,80
0.824858824412028,0.03901059648923512,0.006016890207926433,0.0005418808087448123,7,4,0.05,0.1,0.3,"{'min_child_weight': 7, 'max_depth': 4, 'learning_rate': 0.05, 'gamma': 0.1, 'colsample_bytree': 0.3}",0.934460814830186,0.9068617278826865,0.8896612944133176,0.91032794570873,0.018452827369783317,292
1.3395694096883137,0.02447724983674113,0.005904674530029297,0.0007908689633965654,7,15,0.15,0.3,0.5,"{'min_child_weight': 7, 'max_depth': 15, 'learning_rate': 0.15, 'gamma': 0.3, 'colsample_bytree': 0.5}",0.9446750132577068,0.9212722787115815,0.8972700652509742,0.9210724524067541,0.019353504795330656,44
1.269386927286784,0.020757783318783144,0.00527644157409668,0.00038816228801922756,3,6,0.15,0.3,0.7,"{'min_child_weight': 3, 'max_depth': 6, 'learning_rate': 0.15, 'gamma': 0.3, 'colsample_bytree': 0.7}",0.9401789213990915,0.9195314841714509,0.912072583062415,0.9239276628776526,0.011887987048180984,7
1.8287183443705242,0.02240705840733638,0.006275574366251628,0.0005315027452385987,1,8,0.1,0.0,0.5,"{'min_child_weight': 1, 'max_depth': 8, 'learning_rate': 0.1, 'gamma': 0.0, 'colsample_bytree': 0.5}",0.9361670240483272,0.9169606419035762,0.8975352193862258,0.9168876284460431,0.015771452714454785,201
1.6853190263112385,0.06432132084682109,0.006311655044555664,0.0002551182034741678,3,8,0.1,0.1,0.7,"{'min_child_weight': 3, 'max_depth': 8, 'learning_rate': 0.1, 'gamma': 0.1, 'colsample_bytree': 0.7}",0.9426575361416614,0.9098130086924442,0.9053745590371447,0.9192817012904168,0.01662823302058187,100
1.3114527861277263,0.002596599675775088,0.006013631820678711,0.00031739313090879494,5,6,0.1,0.1,0.7,"{'min_child_weight': 5, 'max_depth': 6, 'learning_rate': 0.1, 'gamma': 0.1, 'colsample_bytree': 0.7}",0.9412280094994352,0.9162574070231261,0.9053860874778077,0.9209571680001231,0.015005036009770939,47
1.387137730916341,0.032326673468872504,0.005909283955891927,0.0006746875185873818,3,6,0.1,0.1,0.7,"{'min_child_weight': 3, 'max_depth': 6, 'learning_rate': 0.1, 'gamma': 0.1, 'colsample_bytree': 0.7}",0.9412395379400982,0.9111272509280396,0.908602522422817,0.9203231037636517,0.014826023910666626,67
0.822700023651123,0.02567725131632608,0.004865725835164388,0.0004535837005029806,1,4,0.05,0.2,0.3,"{'min_child_weight': 1, 'max_depth': 4, 'learning_rate': 0.05, 'gamma': 0.2, 'colsample_bytree': 0.3}",0.9409397984828572,0.9062737774088676,0.8877475732632405,0.9116537163849885,0.022046330208505546,285
1.1461516221364338,0.05877894430091364,0.005626678466796875,0.0011228190449895951,1,5,0.15,0.4,0.7,"{'min_child_weight': 1, 'max_depth': 5, 'learning_rate': 0.15, 'gamma': 0.4, 'colsample_bytree': 0.7}",0.9401212791957761,0.9148163519402366,0.9127873463835282,0.9225749925065138,0.01243471882334917,20
1.9919636249542236,0.0841851620224736,0.0061693986256917315,0.0006949235458178662,1,10,0.25,0.4,0.7,"{'min_child_weight': 1, 'max_depth': 10, 'learning_rate': 0.25, 'gamma': 0.4, 'colsample_bytree': 0.7}",0.9357865855064444,0.9035300085310461,0.9030919277858477,0.9141361739411127,0.015310197459994096,261
0.847957452138265,0.021081668899771568,0.005879878997802734,0.0006684529078497819,7,4,0.05,0.4,0.4,"{'min_child_weight': 7, 'max_depth': 4, 'learning_rate': 0.05, 'gamma': 0.4, 'colsample_bytree': 0.4}",0.9410320260081622,0.908590993982154,0.8911369348181964,0.9135866516028376,0.02067361406094039,264
1.023453712463379,0.017802298692607257,0.005741675694783528,0.00023879913581948504,5,5,0.25,0.2,0.7,"{'min_child_weight': 5, 'max_depth': 5, 'learning_rate': 0.25, 'gamma': 0.2, 'colsample_bytree': 0.7}",0.9389914920107907,0.9129602729934748,0.9091328306933205,0.9203615318991952,0.013265717444098223,66
1.1354507605234783,0.09209244466171095,0.006159226099650065,0.0003447890061629128,7,12,0.25,0.3,0.4,"{'min_child_weight': 7, 'max_depth': 12, 'learning_rate': 0.25, 'gamma': 0.3, 'colsample_bytree': 0.4}",0.9389684351294643,0.9133407115353577,0.900636369924604,0.9176485055298086,0.015942702040774744,177
1.3349192937215169,0.0552652326593395,0.006335099538167317,0.0002448474328922711,3,12,0.3,0.4,0.4,"{'min_child_weight': 3, 'max_depth': 12, 'learning_rate': 0.3, 'gamma': 0.4, 'colsample_bytree': 0.4}",0.9281662862281248,0.9205575153904683,0.9025155057526919,0.9170797691237617,0.010756755213086834,194
1.8609238465627034,0.09640040613502547,0.006048361460367839,0.0006984547680222785,3,15,0.1,0.4,0.7,"{'min_child_weight': 3, 'max_depth': 15, 'learning_rate': 0.1, 'gamma': 0.4, 'colsample_bytree': 0.7}",0.9423116829217679,0.9056627700537225,0.9075880196444629,0.918520824206651,0.016841028577032707,141
1.1780486106872559,0.10956395586037782,0.00644373893737793,0.0002225009588385095,7,12,0.3,0.1,0.5,"{'min_child_weight': 7, 'max_depth': 12, 'learning_rate': 0.3, 'gamma': 0.1, 'colsample_bytree': 0.5}",0.9463351087131955,0.9186207373590648,0.9029420580572272,0.9226326347098291,0.017940841704012677,17
1.387529770533244,0.050823756118926845,0.00600123405456543,0.000492669519475953,3,15,0.3,0.3,0.3,"{'min_child_weight': 3, 'max_depth': 15, 'learning_rate': 0.3, 'gamma': 0.3, 'colsample_bytree': 0.3}",0.927486108229001,0.9108275114707984,0.8920246247492564,0.9101127481496852,0.014485909650414484,293
0.6262782414754232,0.037143326789236146,0.00483250617980957,0.0003471339032582219,7,3,0.25,0.4,0.7,"{'min_child_weight': 7, 'max_depth': 3, 'learning_rate': 0.25, 'gamma': 0.4, 'colsample_bytree': 0.7}",0.9445366719697493,0.9137903207212192,0.8981001129787186,0.9188090352232291,0.01928694073151367,120
1.493057409922282,0.03539484807262753,0.00615231196085612,0.0005338333904243972,3,10,0.2,0.1,0.5,"{'min_child_weight': 3, 'max_depth': 10, 'learning_rate': 0.2, 'gamma': 0.1, 'colsample_bytree': 0.5}",0.938230614927025,0.9119342417744577,0.9006133130432777,0.9169260565815868,0.015757622738529826,199
1.307254393895467,0.02747373996732678,0.005624294281005859,0.0003056523084514949,7,15,0.1,0.2,0.4,"{'min_child_weight': 7, 'max_depth': 15, 'learning_rate': 0.1, 'gamma': 0.2, 'colsample_bytree': 0.4}",0.9409282700421941,0.9188282492910008,0.8970510248783748,0.9189358480705233,0.01791297190891733,118
1.3354140122731526,0.034071994633623544,0.004995505015055339,0.000461712186526824,7,10,0.05,0.3,0.5,"{'min_child_weight': 7, 'max_depth': 10, 'learning_rate': 0.05, 'gamma': 0.3, 'colsample_bytree': 0.5}",0.9415392773973392,0.9130409720781167,0.8943648982038689,0.9163150492264416,0.01939751184992926,219
1.194150686264038,0.06781478466143583,0.005492607752482097,0.0003779754105206002,5,12,0.2,0.4,0.3,"{'min_child_weight': 5, 'max_depth': 12, 'learning_rate': 0.2, 'gamma': 0.4, 'colsample_bytree': 0.3}",0.9380000461137626,0.9124414931636348,0.8994028267736506,0.9166147886836827,0.016031191093623685,210
1.3815969626108806,0.036294242341193196,0.00704042116800944,0.0005927803944527872,1,8,0.15,0.2,0.3,"{'min_child_weight': 1, 'max_depth': 8, 'learning_rate': 0.15, 'gamma': 0.2, 'colsample_bytree': 0.3}",0.933457840492495,0.9148278803808998,0.8949182633556985,0.9144013280763644,0.015736607250233483,258
0.5233550071716309,0.026069996803215062,0.005083719889322917,0.0006199555584706016,7,3,0.15,0.0,0.5,"{'min_child_weight': 7, 'max_depth': 3, 'learning_rate': 0.15, 'gamma': 0.0, 'colsample_bytree': 0.5}",0.9481104885753153,0.9090867169306679,0.890387586175094,0.9158615972270256,0.02404728144924569,232
0.9998188018798828,0.006046266720556461,0.005632241566975911,0.00018793094856806646,7,8,0.25,0.0,0.3,"{'min_child_weight': 7, 'max_depth': 8, 'learning_rate': 0.25, 'gamma': 0.0, 'colsample_bytree': 0.3}",0.9360747965230224,0.9140439464158078,0.8940190449839754,0.9147125959742685,0.017175697531736225,252
1.2436222235361736,0.04493179561899021,0.006597598393758138,0.0005854799285549283,7,8,0.05,0.4,0.5,"{'min_child_weight': 7, 'max_depth': 8, 'learning_rate': 0.05, 'gamma': 0.4, 'colsample_bytree': 0.5}",0.9449632242742847,0.911968827096447,0.8963823753199143,0.9177714755635487,0.020253028879757,172
1.8211080233256023,0.03473572413713628,0.006482919057210286,0.00032486776737070876,3,15,0.1,0.3,0.3,"{'min_child_weight': 3, 'max_depth': 15, 'learning_rate': 0.1, 'gamma': 0.3, 'colsample_bytree': 0.3}",0.9316363468677227,0.9084872380161859,0.8925203476977703,0.9108813108605597,0.01605851874352164,290
1.3353363672892253,0.03802793489332455,0.006588300069173177,0.0008094441107423124,5,12,0.2,0.4,0.4,"{'min_child_weight': 5, 'max_depth': 12, 'learning_rate': 0.2, 'gamma': 0.4, 'colsample_bytree': 0.4}",0.9359018699130757,0.9103087316409583,0.9050632911392404,0.9170912975644248,0.013472363949387578,193
1.0236159165700276,0.03879343545687636,0.00514531135559082,0.0007186403725497078,1,5,0.3,0.0,0.4,"{'min_child_weight': 1, 'max_depth': 5, 'learning_rate': 0.3, 'gamma': 0.0, 'colsample_bytree': 0.4}",0.9386110534689078,0.9165686749210301,0.8982384542666759,0.917806060885538,0.016505252388353733,169
0.7958887418111166,0.029256799344453428,0.005077838897705078,0.0003606673985322717,3,4,0.05,0.0,0.3,"{'min_child_weight': 3, 'max_depth': 4, 'learning_rate': 0.05, 'gamma': 0.0, 'colsample_bytree': 0.3}",0.9363630075396002,0.9119572986557838,0.8900186760738742,0.9127796607564194,0.01892892802599049,275
1.3619179725646973,0.07652674712384612,0.006030082702636719,0.0002603505411594039,3,6,0.05,0.1,0.7,"{'min_child_weight': 3, 'max_depth': 6, 'learning_rate': 0.05, 'gamma': 0.1, 'colsample_bytree': 0.7}",0.9416660902446334,0.9169952272255655,0.8986188928085587,0.9190934034262526,0.017636459571050492,110
1.0764928658803303,0.04837702137581582,0.005114952723185222,0.00016407186801965519,7,6,0.2,0.1,0.4,"{'min_child_weight': 7, 'max_depth': 6, 'learning_rate': 0.2, 'gamma': 0.1, 'colsample_bytree': 0.4}",0.9437527380046575,0.9179866731225935,0.9006594268059303,0.9207996126443937,0.017704855060737205,50
1.9268016815185547,0.034248574152272546,0.005540688832600911,0.00014050891496189476,1,12,0.2,0.3,0.4,"{'min_child_weight': 1, 'max_depth': 12, 'learning_rate': 0.2, 'gamma': 0.3, 'colsample_bytree': 0.4}",0.9412049526181089,0.9220331557953472,0.9055013718844389,0.9229131600992982,0.014589202056833032,15
1.3783379395802815,0.08632946232138257,0.006235758463541667,0.00033202583315849836,7,12,0.1,0.2,0.5,"{'min_child_weight': 7, 'max_depth': 12, 'learning_rate': 0.1, 'gamma': 0.2, 'colsample_bytree': 0.5}",0.9446288994950544,0.9172027391575016,0.8990108597911046,0.9202808328145536,0.018750242345615536,69
1.2621463139851887,0.12092543571318791,0.006319363911946614,0.0007116027727172617,5,15,0.3,0.0,0.7,"{'min_child_weight': 5, 'max_depth': 15, 'learning_rate': 0.3, 'gamma': 0.0, 'colsample_bytree': 0.7}",0.9373198681146386,0.9090406031680154,0.9089483756427106,0.918436282308455,0.013352764661390907,146
1.509525458017985,0.016620165526986346,0.006760438283284505,0.0005464081668001943,1,8,0.1,0.1,0.3,"{'min_child_weight': 1, 'max_depth': 8, 'learning_rate': 0.1, 'gamma': 0.1, 'colsample_bytree': 0.3}",0.9344954001521754,0.910885153674114,0.8939729312213229,0.9131178283492041,0.01661838839391607,266
0.825931708017985,0.07773809229865278,0.005512396494547526,0.0007326057450119823,1,4,0.3,0.0,0.7,"{'min_child_weight': 1, 'max_depth': 4, 'learning_rate': 0.3, 'gamma': 0.0, 'colsample_bytree': 0.7}",0.9400405801111341,0.9190818749855894,0.9127412326208757,0.9239545625725331,0.011665359162592927,6
0.7652319272359213,0.019386728492523306,0.005464712778727214,0.0001754425254024367,3,4,0.25,0.3,0.3,"{'min_child_weight': 3, 'max_depth': 4, 'learning_rate': 0.25, 'gamma': 0.3, 'colsample_bytree': 0.3}",0.9368817873694405,0.9206151575937838,0.9074612067971687,0.9216527172534644,0.012033288213339188,34
1.2384049892425537,0.027198491692841224,0.006453355153401692,0.0006786609690803327,7,15,0.2,0.3,0.5,"{'min_child_weight': 7, 'max_depth': 15, 'learning_rate': 0.2, 'gamma': 0.3, 'colsample_bytree': 0.5}",0.9442945747158239,0.9156233427866546,0.8983191533513177,0.9194123569512653,0.01895964686143861,94
1.4507853984832764,0.059397088180477245,0.005562941233317058,0.0008674401511528723,3,10,0.3,0.0,0.7,"{'min_child_weight': 3, 'max_depth': 10, 'learning_rate': 0.3, 'gamma': 0.0, 'colsample_bytree': 0.7}",0.9355099029305296,0.9168914712595974,0.902826773650596,0.9184093826135743,0.013385932318199125,148
1.5051523844401042,0.0647232917998249,0.005701621373494466,0.0005524957207457715,5,8,0.15,0.4,0.4,"{'min_child_weight': 5, 'max_depth': 8, 'learning_rate': 0.15, 'gamma': 0.4, 'colsample_bytree': 0.4}",0.9359133983537387,0.9165571464803671,0.9035991791750247,0.9186899080030435,0.013278144801814927,127
1.6369704405466716,0.04160869951891199,0.005876302719116211,0.00015968362072609022,3,12,0.2,0.1,0.7,"{'min_child_weight': 3, 'max_depth': 12, 'learning_rate': 0.2, 'gamma': 0.1, 'colsample_bytree': 0.7}",0.9385649397062553,0.9210762952203085,0.9027806598879436,0.9208072982715025,0.014610109286555826,49
0.6703646977742513,0.021175440190114043,0.0051882266998291016,0.0004272453398215363,3,3,0.2,0.4,0.3,"{'min_child_weight': 3, 'max_depth': 3, 'learning_rate': 0.2, 'gamma': 0.4, 'colsample_bytree': 0.3}",0.9376541928938692,0.9100551059463697,0.8923820064098129,0.9133637684166839,0.01862978176234031,265
0.9456218083699545,0.009445764442635236,0.005327383677164714,0.00038579939101168905,1,4,0.15,0.3,0.7,"{'min_child_weight': 1, 'max_depth': 4, 'learning_rate': 0.15, 'gamma': 0.3, 'colsample_bytree': 0.7}",0.9374466809619331,0.9155195868206867,0.909582439879182,0.9208495692206006,0.01198361428693259,48
0.8539289633433024,0.04814006288664422,0.005482673645019531,0.0006450866018563308,3,4,0.05,0.0,0.4,"{'min_child_weight': 3, 'max_depth': 4, 'learning_rate': 0.05, 'gamma': 0.0, 'colsample_bytree': 0.4}",0.9437181526826681,0.9093172857439304,0.8975928615895414,0.9168761000053799,0.01957442846140065,203
0.8449070453643799,0.031223774808907725,0.0051648616790771484,0.0005391669460564297,5,5,0.25,0.4,0.3,"{'min_child_weight': 5, 'max_depth': 5, 'learning_rate': 0.25, 'gamma': 0.4, 'colsample_bytree': 0.3}",0.9314980055797653,0.9139171335685137,0.8988379331811579,0.9147510241098122,0.013346450523059652,251
1.559674580891927,0.019465307407145502,0.0061740875244140625,0.0003538470689005165,5,8,0.05,0.3,0.7,"{'min_child_weight': 5, 'max_depth': 8, 'learning_rate': 0.05, 'gamma': 0.3, 'colsample_bytree': 0.7}",0.942415438887736,0.9162112932604736,0.9047174379193471,0.9211147233558523,0.015775879041083834,43
0.6274611155192057,0.06646055095560226,0.004942655563354492,0.0005275782790908083,1,3,0.3,0.3,0.3,"{'min_child_weight': 1, 'max_depth': 3, 'learning_rate': 0.3, 'gamma': 0.3, 'colsample_bytree': 0.3}",0.9324318092734776,0.9100089921837172,0.8968204560651126,0.9130870858407691,0.014700297383702108,268
1.0511877536773682,0.029165067676953416,0.005644083023071289,0.000635473851760206,7,10,0.3,0.1,0.3,"{'min_child_weight': 7, 'max_depth': 10, 'learning_rate': 0.3, 'gamma': 0.1, 'colsample_bytree': 0.3}",0.9286965944986281,0.9126374766549077,0.9029766433792165,0.9147702381775841,0.010607873653743787,250
1.065721035003662,0.1418942326833561,0.006385405858357747,0.00021834988502200342,7,5,0.05,0.2,0.5,"{'min_child_weight': 7, 'max_depth': 5, 'learning_rate': 0.05, 'gamma': 0.2, 'colsample_bytree': 0.5}",0.943210901293491,0.9104240160475892,0.8974314634202577,0.9170221269204459,0.01926292697238561,197
1.2005756696065266,0.08649831481412233,0.006431023279825847,0.00039683798266535174,1,5,0.25,0.0,0.7,"{'min_child_weight': 1, 'max_depth': 5, 'learning_rate': 0.25, 'gamma': 0.0, 'colsample_bytree': 0.7}",0.9390952479767586,0.9144820271610062,0.91586544004058,0.923147571726115,0.01129084411209218,11
1.5129930178324382,0.07143397406883513,0.005577961603800456,0.0007034073090048815,1,8,0.3,0.2,0.5,"{'min_child_weight': 1, 'max_depth': 8, 'learning_rate': 0.3, 'gamma': 0.2, 'colsample_bytree': 0.5}",0.9323972239514884,0.9098591224550966,0.9078070600170621,0.9166878021412157,0.011139784266977565,208
1.2473973433176677,0.03193288688244833,0.005732377370198567,0.000465867232769803,7,12,0.2,0.2,0.3,"{'min_child_weight': 7, 'max_depth': 12, 'learning_rate': 0.2, 'gamma': 0.2, 'colsample_bytree': 0.3}",0.9361093818450118,0.9155657005833391,0.8952525881349288,0.9156425568544266,0.016679804719717663,236
1.3221354484558105,0.013037128869334216,0.005681912104288737,0.0003506657961462755,5,10,0.2,0.0,0.7,"{'min_child_weight': 5, 'max_depth': 10, 'learning_rate': 0.2, 'gamma': 0.0, 'colsample_bytree': 0.7}",0.9373083396739756,0.9201655484079223,0.9039911461575707,0.9204883447464894,0.01360360231849241,63
1.3213258584340413,0.06959252295162797,0.005611419677734375,0.00046943938119772013,3,10,0.3,0.0,0.4,"{'min_child_weight': 3, 'max_depth': 10, 'learning_rate': 0.3, 'gamma': 0.0, 'colsample_bytree': 0.4}",0.9366166332341888,0.9185630951557492,0.898042470775403,0.9177407330551136,0.01575856829194032,175
1.1648730436960857,0.04123230063524412,0.005757729212443034,0.00015072081794813177,7,10,0.1,0.3,0.3,"{'min_child_weight': 7, 'max_depth': 10, 'learning_rate': 0.1, 'gamma': 0.3, 'colsample_bytree': 0.3}",0.9378847617071316,0.9109197389961032,0.8938000046113762,0.914201501771537,0.018146513480254856,260
1.026808261871338,0.07867722699219043,0.005483706792195638,0.0002444983271363061,5,6,0.25,0.2,0.5,"{'min_child_weight': 5, 'max_depth': 6, 'learning_rate': 0.25, 'gamma': 0.2, 'colsample_bytree': 0.5}",0.9400982223144498,0.9160268382098637,0.9080491572709876,0.921391405931767,0.013622764836165086,36
1.8443272113800049,0.04686248799080407,0.005515098571777344,0.0003512511780509339,3,12,0.1,0.3,0.7,"{'min_child_weight': 3, 'max_depth': 12, 'learning_rate': 0.1, 'gamma': 0.3, 'colsample_bytree': 0.7}",0.9401097507551127,0.9034493094464042,0.9036683498190035,0.9157424700068401,0.017230501501118278,234
1.3030831813812256,0.023228195255561353,0.007067759831746419,0.0011718604928364336,7,12,0.25,0.3,0.5,"{'min_child_weight': 7, 'max_depth': 12, 'learning_rate': 0.25, 'gamma': 0.3, 'colsample_bytree': 0.5}",0.9398676535011874,0.9228977888450809,0.8991837864010513,0.9206497429157733,0.016685014103092446,56
1.0103332201639812,0.06134353785148033,0.005264759063720703,0.0005124658956388143,5,5,0.2,0.2,0.5,"{'min_child_weight': 5, 'max_depth': 5, 'learning_rate': 0.2, 'gamma': 0.2, 'colsample_bytree': 0.5}",0.9443637453598027,0.9196582970187452,0.9111618362500288,0.9250612928761922,0.01408275459110929,2
1.7379127343495686,0.016788749512771484,0.006713151931762695,0.0009299014139282938,1,8,0.1,0.4,0.4,"{'min_child_weight': 1, 'max_depth': 8, 'learning_rate': 0.1, 'gamma': 0.4, 'colsample_bytree': 0.4}",0.9423001544811048,0.9166724308869983,0.8943187844412165,0.9177637899364398,0.019603507613983644,173
1.0036073525746663,0.006998174186952663,0.00582734743754069,0.00035174281897533237,1,5,0.3,0.4,0.3,"{'min_child_weight': 1, 'max_depth': 5, 'learning_rate': 0.3, 'gamma': 0.4, 'colsample_bytree': 0.3}",0.9314518918171129,0.9201886052892485,0.9009822231444974,0.9175409067502862,0.012579292717787125,179
1.069538911183675,0.06317175914660109,0.005864699681599935,0.0008143913428597752,7,6,0.2,0.4,0.4,"{'min_child_weight': 7, 'max_depth': 6, 'learning_rate': 0.2, 'gamma': 0.4, 'colsample_bytree': 0.4}",0.9397984828572087,0.9180212584445828,0.9018468561942311,0.9198888658320076,0.015549865157114817,81
0.7351864178975424,0.020022310987070167,0.005257924397786458,0.00033400989774355264,3,3,0.05,0.2,0.5,"{'min_child_weight': 3, 'max_depth': 3, 'learning_rate': 0.05, 'gamma': 0.2, 'colsample_bytree': 0.5}",0.9437412095639944,0.9065965737474349,0.89810587719905,0.9161478868368264,0.019816938483923685,226
1.2993535995483398,0.02845882890438104,0.006374756495157878,0.0009805951500333262,1,5,0.15,0.3,0.7,"{'min_child_weight': 1, 'max_depth': 5, 'learning_rate': 0.15, 'gamma': 0.3, 'colsample_bytree': 0.7}",0.9413317654654031,0.9106315279795255,0.9130063867561273,0.9216565600670187,0.013946212607817293,33
0.919212818145752,0.028587795790397486,0.006499449412027995,0.0005170419110647574,5,4,0.2,0.3,0.5,"{'min_child_weight': 5, 'max_depth': 4, 'learning_rate': 0.2, 'gamma': 0.3, 'colsample_bytree': 0.5}",0.9392335892647161,0.9220446842360103,0.9163611629890941,0.9258798121632735,0.009723446768757705,1
0.9053239822387695,0.030589719311110975,0.00546566645304362,0.0002466668321024402,3,4,0.15,0.4,0.5,"{'min_child_weight': 3, 'max_depth': 4, 'learning_rate': 0.15, 'gamma': 0.4, 'colsample_bytree': 0.5}",0.9406170021442899,0.9200963777639436,0.9009015240598558,0.9205383013226963,0.016216787026465854,59
1.5256958802541096,0.048446560068743025,0.005738019943237305,0.0010393434218132914,3,10,0.2,0.2,0.5,"{'min_child_weight': 3, 'max_depth': 10, 'learning_rate': 0.2, 'gamma': 0.2, 'colsample_bytree': 0.5}",0.9342302460169238,0.9159691960065481,0.896555301929861,0.9155849146511109,0.015383131608159425,238
1.622490644454956,0.03625501967171417,0.005952358245849609,0.0007288771689983286,3,12,0.2,0.0,0.4,"{'min_child_weight': 3, 'max_depth': 12, 'learning_rate': 0.2, 'gamma': 0.0, 'colsample_bytree': 0.4}",0.9417467893292754,0.916245878582463,0.8976043900302045,0.9185323526473143,0.018093439450190783,140
1.9647942384084065,0.10024333084538743,0.0064966678619384766,0.0008823497861017284,1,15,0.2,0.2,0.7,"{'min_child_weight': 1, 'max_depth': 15, 'learning_rate': 0.2, 'gamma': 0.2, 'colsample_bytree': 0.7}",0.935947983675728,0.9043600562587905,0.9019736690415254,0.9140939029920147,0.015483848420970177,262
1.5985313256581624,0.14015943058973687,0.005931933720906575,0.0006113632682601823,5,12,0.05,0.4,0.3,"{'min_child_weight': 5, 'max_depth': 12, 'learning_rate': 0.05, 'gamma': 0.4, 'colsample_bytree': 0.3}",0.9329160037813286,0.915957667565885,0.8890848723801619,0.9126528479091252,0.01804593019121606,277
1.7529679934183757,0.020590331384957566,0.006601095199584961,0.000250439926473249,1,10,0.2,0.3,0.5,"{'min_child_weight': 1, 'max_depth': 10, 'learning_rate': 0.2, 'gamma': 0.3, 'colsample_bytree': 0.5}",0.937239169029997,0.9173987226487745,0.9047866085633258,0.9198081667473659,0.01335780011476229,84
0.7692523797353109,0.02728892930109787,0.005347649256388347,0.0005155896205564054,3,4,0.1,0.2,0.3,"{'min_child_weight': 3, 'max_depth': 4, 'learning_rate': 0.1, 'gamma': 0.2, 'colsample_bytree': 0.3}",0.9411703672961195,0.9129372161121487,0.9012473772797492,0.9184516535626726,0.016758441619247763,143
1.145764430363973,0.011439758484272219,0.005512317021687825,0.00012576217831964458,3,6,0.15,0.4,0.5,"{'min_child_weight': 3, 'max_depth': 6, 'learning_rate': 0.15, 'gamma': 0.4, 'colsample_bytree': 0.5}",0.9348873671347213,0.9181019575292244,0.9049480067326094,0.9193124437988517,0.012252626468873337,97
0.6047782897949219,0.02897201042335995,0.004916667938232422,0.00024267193544569464,3,3,0.1,0.0,0.4,"{'min_child_weight': 3, 'max_depth': 3, 'learning_rate': 0.1, 'gamma': 0.0, 'colsample_bytree': 0.4}",0.9458278573240183,0.9094613912522193,0.9003712157893524,0.9185534881218634,0.01963969168152463,139
0.6992957592010498,0.020241902387775332,0.005428791046142578,0.0004659334693812045,7,4,0.2,0.0,0.3,"{'min_child_weight': 7, 'max_depth': 4, 'learning_rate': 0.2, 'gamma': 0.0, 'colsample_bytree': 0.3}",0.941712204007286,0.9146780106522792,0.8970164395563855,0.9178022180719836,0.018380212983234532,170
0.8403426806131998,0.026850930661955555,0.005821625391642253,0.0003575986920923519,1,4,0.2,0.3,0.7,"{'min_child_weight': 1, 'max_depth': 4, 'learning_rate': 0.2, 'gamma': 0.3, 'colsample_bytree': 0.7}",0.9399137672638398,0.9169029997002607,0.9119457702151207,0.9229208457264071,0.012185047334748558,14
1.2922279834747314,0.05103416489995043,0.006666739781697591,0.0004993085927265074,3,10,0.3,0.1,0.4,"{'min_child_weight': 3, 'max_depth': 10, 'learning_rate': 0.3, 'gamma': 0.1, 'colsample_bytree': 0.4}",0.9318438587996588,0.9168338290562819,0.9008899956191926,0.9165225611583777,0.012638778348847773,215
1.0690340201059978,0.04149312538282008,0.005755424499511719,0.000190705058630192,5,6,0.2,0.2,0.4,"{'min_child_weight': 5, 'max_depth': 6, 'learning_rate': 0.2, 'gamma': 0.2, 'colsample_bytree': 0.4}",0.936662746996841,0.9163957483110835,0.8982960964699914,0.9171181972593053,0.01567144787023932,192
1.1758660475413005,0.015939886765986937,0.0060549577077229815,0.0007119567963651411,3,6,0.25,0.2,0.7,"{'min_child_weight': 3, 'max_depth': 6, 'learning_rate': 0.25, 'gamma': 0.2, 'colsample_bytree': 0.7}",0.933561596458463,0.9096977242858131,0.9074842636784949,0.9169145281409237,0.01180588877472184,200
1.4052600065867107,0.05946584516728625,0.005522886912027995,0.00017333717557044918,5,12,0.15,0.4,0.5,"{'min_child_weight': 5, 'max_depth': 12, 'learning_rate': 0.15, 'gamma': 0.4, 'colsample_bytree': 0.5}",0.944306103156487,0.9163842198704204,0.9087523921514375,0.923147571726115,0.01528231631223027,11
1.4753417174021404,0.04762968133521077,0.00580898920694987,0.0010135428764372506,3,10,0.15,0.2,0.4,"{'min_child_weight': 3, 'max_depth': 10, 'learning_rate': 0.15, 'gamma': 0.2, 'colsample_bytree': 0.4}",0.9335270111364737,0.9217910585414217,0.906008623273616,0.9204422309838373,0.011274748170956904,64
1.2365228335062664,0.03473482336165146,0.006015857060750325,0.0005227365391538566,5,10,0.2,0.3,0.4,"{'min_child_weight': 5, 'max_depth': 10, 'learning_rate': 0.2, 'gamma': 0.3, 'colsample_bytree': 0.4}",0.9330658735099491,0.913675036314588,0.899552696502271,0.915431202108936,0.013737936453725967,242
1.166562795639038,0.0663562715833212,0.006119330724080403,0.0008458282158325289,3,8,0.3,0.0,0.5,"{'min_child_weight': 3, 'max_depth': 8, 'learning_rate': 0.3, 'gamma': 0.0, 'colsample_bytree': 0.5}",0.9379654607917735,0.915957667565885,0.9040372599202233,0.9193201294259605,0.014053714002958101,96
1.4465084075927734,0.028448693630170527,0.006317933400472005,0.0007138924144846038,3,15,0.2,0.4,0.3,"{'min_child_weight': 3, 'max_depth': 15, 'learning_rate': 0.2, 'gamma': 0.4, 'colsample_bytree': 0.3}",0.9285697816513339,0.9111733646906919,0.8970049111157226,0.9122493524859161,0.012908745750693704,281
0.9419386386871338,0.013181111819100323,0.005391041437784831,0.0002452793311426237,7,6,0.05,0.2,0.3,"{'min_child_weight': 7, 'max_depth': 6, 'learning_rate': 0.05, 'gamma': 0.2, 'colsample_bytree': 0.3}",0.9339305065596827,0.9117843720458372,0.8918862834612991,0.9125337206889398,0.01717265882206079,279
1.137240966161092,0.03217338161142033,0.0057710011800130205,0.00044989715733891327,7,15,0.15,0.2,0.3,"{'min_child_weight': 7, 'max_depth': 15, 'learning_rate': 0.15, 'gamma': 0.2, 'colsample_bytree': 0.3}",0.939429572755989,0.9125798344515921,0.8977773166401513,0.9165955746159108,0.017239919502621978,211
1.1147838433583577,0.055413960032137596,0.00633549690246582,0.0005318007865472288,1,6,0.15,0.3,0.3,"{'min_child_weight': 1, 'max_depth': 6, 'learning_rate': 0.15, 'gamma': 0.3, 'colsample_bytree': 0.3}",0.9401789213990915,0.9110350234027346,0.9007747112125613,0.9173295520047958,0.016691090694293354,187
1.303156852722168,0.04141988692715253,0.005974769592285156,0.00018578585793712797,7,10,0.2,0.0,0.5,"{'min_child_weight': 7, 'max_depth': 10, 'learning_rate': 0.2, 'gamma': 0.0, 'colsample_bytree': 0.5}",0.9452283784095362,0.9258836549768277,0.9012127919577597,0.9241082751147079,0.01801308677812825,5
1.1142450173695881,0.008380174959790926,0.005966981252034505,0.000701395970613154,1,5,0.3,0.0,0.7,"{'min_child_weight': 1, 'max_depth': 5, 'learning_rate': 0.3, 'gamma': 0.0, 'colsample_bytree': 0.7}",0.9326162643240875,0.9166724308869982,0.9057204122570383,0.9183363691560413,0.011043044040648061,151
0.9823547204335531,0.12310679474293945,0.005161205927530925,0.00045155498398212604,7,5,0.1,0.1,0.5,"{'min_child_weight': 7, 'max_depth': 5, 'learning_rate': 0.1, 'gamma': 0.1, 'colsample_bytree': 0.5}",0.9466348481704364,0.9165802033616933,0.8998178506375227,0.9210109673898842,0.01936804183708038,45
1.138962984085083,0.037556000058442264,0.006463289260864258,0.0006974943036099438,1,6,0.05,0.3,0.3,"{'min_child_weight': 1, 'max_depth': 6, 'learning_rate': 0.05, 'gamma': 0.3, 'colsample_bytree': 0.3}",0.9378271195038158,0.903702935140993,0.8839662447257384,0.908498766456849,0.022248572335808334,296
1.1437384287516277,0.04522294559497303,0.005827665328979492,0.0004641156762336817,5,15,0.25,0.4,0.4,"{'min_child_weight': 5, 'max_depth': 15, 'learning_rate': 0.25, 'gamma': 0.4, 'colsample_bytree': 0.4}",0.9261833944340688,0.9124184362823086,0.8967628138617971,0.9117882148593915,0.012019165932898186,284
1.4197291533152263,0.05483032516836856,0.0064843495686848955,0.0005379807097721274,5,10,0.1,0.3,0.3,"{'min_child_weight': 5, 'max_depth': 10, 'learning_rate': 0.1, 'gamma': 0.3, 'colsample_bytree': 0.3}",0.9358211708284337,0.9133061262133684,0.8990454451130939,0.9160575807182987,0.015139162832248523,228
1.8496593634287517,0.07554644037376894,0.006663401921590169,0.0007052446914402631,3,10,0.1,0.4,0.7,"{'min_child_weight': 3, 'max_depth': 10, 'learning_rate': 0.1, 'gamma': 0.4, 'colsample_bytree': 0.7}",0.9408994489405365,0.9106315279795255,0.903933503954255,0.9184881602914391,0.01608136137781146,142
1.3225642840067546,0.08477987309058269,0.006365617116292317,0.0004629330164232524,5,8,0.3,0.4,0.7,"{'min_child_weight': 5, 'max_depth': 8, 'learning_rate': 0.3, 'gamma': 0.4, 'colsample_bytree': 0.7}",0.9378501763851421,0.9145396693643218,0.903310968158447,0.9185669379693037,0.014385256237881307,136
1.11578369140625,0.07390477749917546,0.005653937657674153,0.00020712307505393526,5,10,0.3,0.4,0.3,"{'min_child_weight': 5, 'max_depth': 10, 'learning_rate': 0.3, 'gamma': 0.4, 'colsample_bytree': 0.3}",0.9287657651426068,0.9072306379839062,0.8963823753199143,0.910792926148809,0.01345829129395634,291
1.9976894060770671,0.008711115156887113,0.006628274917602539,0.0010624956457396114,1,12,0.15,0.1,0.5,"{'min_child_weight': 1, 'max_depth': 12, 'learning_rate': 0.15, 'gamma': 0.1, 'colsample_bytree': 0.5}",0.9400866938737865,0.9163265776671047,0.8974084065389316,0.9179405593599409,0.017460674960946138,165
0.7446039517720541,0.03739153705206287,0.005484580993652344,0.00029292132890803267,7,4,0.25,0.2,0.5,"{'min_child_weight': 7, 'max_depth': 4, 'learning_rate': 0.25, 'gamma': 0.2, 'colsample_bytree': 0.5}",0.9447672407830117,0.9230476585737013,0.9037951626662978,0.9238700206743369,0.016736885530049043,8
1.071763038635254,0.01128452175667779,0.005701144536336263,6.414725113044343e-05,5,6,0.05,0.0,0.3,"{'min_child_weight': 5, 'max_depth': 6, 'learning_rate': 0.05, 'gamma': 0.0, 'colsample_bytree': 0.3}",0.9323511101888359,0.914355214313712,0.89148278803809,0.9127297041802126,0.0167239678555433,276
0.8118057250976562,0.06634403365346397,0.005082289377848308,8.118595094738894e-05,7,4,0.1,0.1,0.7,"{'min_child_weight': 7, 'max_depth': 4, 'learning_rate': 0.1, 'gamma': 0.1, 'colsample_bytree': 0.7}",0.9494247308109105,0.9096977242858131,0.892382006409813,0.9171681538355122,0.023879190243356992,190
0.6787301699320475,0.01000531100064701,0.005696773529052734,0.00037380449656892236,7,3,0.15,0.2,0.5,"{'min_child_weight': 7, 'max_depth': 3, 'learning_rate': 0.15, 'gamma': 0.2, 'colsample_bytree': 0.5}",0.9481104885753153,0.910181918793664,0.8931889972562311,0.9171604682084035,0.022958189041945087,191
1.8351902961730957,0.030438953949116623,0.006105979283650716,0.00041641956937423614,3,8,0.05,0.3,0.7,"{'min_child_weight': 3, 'max_depth': 8, 'learning_rate': 0.05, 'gamma': 0.3, 'colsample_bytree': 0.7}",0.9426344792603353,0.9145857831269741,0.9016162873809689,0.9196121832560928,0.017118635848233404,88
0.6606982549031576,0.03408539919516763,0.004883686701456706,0.0005165891278203686,1,3,0.25,0.0,0.5,"{'min_child_weight': 1, 'max_depth': 3, 'learning_rate': 0.25, 'gamma': 0.0, 'colsample_bytree': 0.5}",0.9355099029305295,0.9049480067326093,0.9032648543957944,0.9145742546863111,0.01481967781929296,256
1.4197448094685872,0.027338119590827586,0.0061032772064208984,0.00030042235776253206,3,12,0.2,0.1,0.4,"{'min_child_weight': 3, 'max_depth': 12, 'learning_rate': 0.2, 'gamma': 0.1, 'colsample_bytree': 0.4}",0.9362938368956215,0.9122455096723617,0.9019160268382098,0.9168184578020644,0.014402368949437501,205
1.4967496395111084,0.011282366164536987,0.0072489579518636065,0.0006615255441209469,1,8,0.15,0.1,0.4,"{'min_child_weight': 1, 'max_depth': 8, 'learning_rate': 0.15, 'gamma': 0.1, 'colsample_bytree': 0.4}",0.9406746443476056,0.9195199557307878,0.9056627700537225,0.9219524567107054,0.01439665774073141,29
1.0132227738698323,0.02994507211025086,0.006006638209025065,0.0009099580731245166,5,6,0.15,0.1,0.4,"{'min_child_weight': 5, 'max_depth': 6, 'learning_rate': 0.15, 'gamma': 0.1, 'colsample_bytree': 0.4}",0.9406861727882687,0.920522930068479,0.9049134214106199,0.9220408414224558,0.014643553221825806,28
0.847782293955485,0.008087510447033515,0.005915721257527669,0.0010137012262549597,5,5,0.1,0.0,0.3,"{'min_child_weight': 5, 'max_depth': 5, 'learning_rate': 0.1, 'gamma': 0.0, 'colsample_bytree': 0.3}",0.938438126858961,0.913871019805861,0.8965091881672085,0.9162727782773435,0.01720145939100689,224
1.5185354550679524,0.01658595981125193,0.006145795186360677,0.000614865147183484,5,8,0.05,0.0,0.5,"{'min_child_weight': 5, 'max_depth': 8, 'learning_rate': 0.05, 'gamma': 0.0, 'colsample_bytree': 0.5}",0.9390837195360956,0.9169145281409237,0.9045906250720528,0.9201962909163575,0.014271670460788434,73
1.7642189661661785,0.07793032400750277,0.006113370259602864,0.0011048555565934953,1,10,0.25,0.1,0.7,"{'min_child_weight': 1, 'max_depth': 10, 'learning_rate': 0.25, 'gamma': 0.1, 'colsample_bytree': 0.7}",0.9374697378432593,0.9137672638398929,0.9066542159507505,0.9192970725446342,0.013174044825848457,99
1.017985741297404,0.08321928540260343,0.005876700083414714,0.0002872173338779243,7,5,0.05,0.4,0.5,"{'min_child_weight': 7, 'max_depth': 5, 'learning_rate': 0.05, 'gamma': 0.4, 'colsample_bytree': 0.5}",0.9428881049549238,0.9109543243180928,0.8968204560651127,0.9168876284460431,0.019269321765694337,201
0.6359310150146484,0.00736433656079413,0.005632321039835612,0.000566137465531594,1,3,0.2,0.2,0.4,"{'min_child_weight': 1, 'max_depth': 3, 'learning_rate': 0.2, 'gamma': 0.2, 'colsample_bytree': 0.4}",0.9424730810910517,0.9065504599847825,0.9006133130432777,0.916545618039704,0.018493015504247454,213
1.317083517710368,0.08217581538112685,0.006084760030110677,7.108828420384743e-05,7,15,0.15,0.1,0.7,"{'min_child_weight': 7, 'max_depth': 15, 'learning_rate': 0.15, 'gamma': 0.1, 'colsample_bytree': 0.7}",0.9437181526826682,0.9168223006156186,0.8969472689124068,0.9191625740702313,0.019165708127531638,105
2.136070410410563,0.13424203828611928,0.006445646286010742,0.0006611647973347693,1,12,0.05,0.2,0.3,"{'min_child_weight': 1, 'max_depth': 12, 'learning_rate': 0.05, 'gamma': 0.2, 'colsample_bytree': 0.3}",0.9342302460169237,0.9030112287012059,0.8826174171681539,0.9066196306287612,0.021224772457299205,300
0.7343796094258627,0.018008847739207086,0.006003777186075847,0.00017882901587287466,7,5,0.2,0.4,0.4,"{'min_child_weight': 7, 'max_depth': 5, 'learning_rate': 0.2, 'gamma': 0.4, 'colsample_bytree': 0.4}",0.9376772497751954,0.9151737336007931,0.8941343293906067,0.9156617709221985,0.017779672179673273,235
1.400091330210368,0.03319870875833206,0.005885998407999675,0.0009861474778085518,3,12,0.25,0.3,0.5,"{'min_child_weight': 3, 'max_depth': 12, 'learning_rate': 0.25, 'gamma': 0.3, 'colsample_bytree': 0.5}",0.9364321781835788,0.9085218233381753,0.9041871296488436,0.9163803770568659,0.01428877038479324,217
1.6140534083048503,0.01921496001195963,0.006260395050048828,0.0003859952371100924,1,10,0.25,0.0,0.4,"{'min_child_weight': 1, 'max_depth': 10, 'learning_rate': 0.25, 'gamma': 0.0, 'colsample_bytree': 0.4}",0.9464273362385004,0.9085102948975122,0.9013050194830647,0.918747550206359,0.019792370828821102,126
1.5137666861216228,0.017079080349932683,0.006099303563435872,0.00019109228870801276,5,10,0.05,0.3,0.5,"{'min_child_weight': 5, 'max_depth': 10, 'learning_rate': 0.05, 'gamma': 0.3, 'colsample_bytree': 0.5}",0.9389684351294644,0.9184593391897812,0.9010744506698023,0.919500741663016,0.015487670448687506,92
0.6123088995615641,0.011991771729014118,0.005168358484903972,0.0006569921284660878,1,3,0.15,0.0,0.4,"{'min_child_weight': 1, 'max_depth': 3, 'learning_rate': 0.15, 'gamma': 0.0, 'colsample_bytree': 0.4}",0.9449978095962741,0.9092999930829356,0.8986304212492219,0.9176427413094772,0.019827334019986747,178
1.8461809158325195,0.0771046034740698,0.005625804265340169,0.0006192021464491428,1,12,0.3,0.4,0.5,"{'min_child_weight': 1, 'max_depth': 12, 'learning_rate': 0.3, 'gamma': 0.4, 'colsample_bytree': 0.5}",0.9427728205482926,0.9135021097046414,0.9053169168338291,0.9205306156955877,0.016078683675711063,60
0.9031683603922526,0.040993421307457825,0.005529006322224935,0.000670067356357637,3,5,0.2,0.0,0.5,"{'min_child_weight': 3, 'max_depth': 5, 'learning_rate': 0.2, 'gamma': 0.0, 'colsample_bytree': 0.5}",0.9314749486984392,0.9182748841391714,0.9055705425284176,0.9184401251220095,0.010576074986880199,145
0.9065423806508383,0.05021222303462096,0.0053641001383463545,0.0002863274677179927,1,5,0.2,0.2,0.3,"{'min_child_weight': 1, 'max_depth': 5, 'learning_rate': 0.2, 'gamma': 0.2, 'colsample_bytree': 0.3}",0.938115330520394,0.917560120818058,0.9022388231767771,0.9193047581717431,0.014698384591876171,98
1.1516156196594238,0.04409798852050724,0.005563020706176758,0.00016073385383250728,7,10,0.15,0.2,0.3,"{'min_child_weight': 7, 'max_depth': 10, 'learning_rate': 0.15, 'gamma': 0.2, 'colsample_bytree': 0.3}",0.9369740148947453,0.9094786839132138,0.8949297917963617,0.9137941635347736,0.017433620722801427,263
0.5490747292836508,0.014303015959389282,0.0055027008056640625,0.0009356609684753329,3,3,0.3,0.3,0.4,"{'min_child_weight': 3, 'max_depth': 3, 'learning_rate': 0.3, 'gamma': 0.3, 'colsample_bytree': 0.4}",0.9319245578843005,0.9158193262779276,0.9028037167692697,0.9168492003104993,0.01191081657441226,204
0.5698757966359457,0.02360990927734324,0.0057379404703776045,0.000730073073066938,7,3,0.15,0.3,0.4,"{'min_child_weight': 7, 'max_depth': 3, 'learning_rate': 0.15, 'gamma': 0.3, 'colsample_bytree': 0.4}",0.9454358903414724,0.9083373682875654,0.8908833091236079,0.9148855225842153,0.02274723093627697,249
1.0492517948150635,0.018386610710318656,0.005918979644775391,0.0005690548554544934,3,6,0.2,0.2,0.3,"{'min_child_weight': 3, 'max_depth': 6, 'learning_rate': 0.2, 'gamma': 0.2, 'colsample_bytree': 0.3}",0.9317401028336907,0.9168107721749557,0.9003712157893523,0.916307363599333,0.012811240734751206,220
1.145132303237915,0.04101237688529436,0.0070523420969645185,0.0005876034180785667,7,8,0.3,0.4,0.7,"{'min_child_weight': 7, 'max_depth': 8, 'learning_rate': 0.3, 'gamma': 0.4, 'colsample_bytree': 0.7}",0.9393719305526734,0.9213299209148972,0.8989301607064627,0.9198773373913444,0.016542202316965793,82
1.210396687189738,0.10902523836239278,0.0057942867279052734,0.000789766308632155,7,15,0.25,0.3,0.4,"{'min_child_weight': 7, 'max_depth': 15, 'learning_rate': 0.25, 'gamma': 0.3, 'colsample_bytree': 0.4}",0.9385995250282446,0.9133407115353577,0.900636369924604,0.9175255354960689,0.01577835754110408,180
1.2352590560913086,0.05061333203585348,0.005378325780232747,0.0003131442861580518,7,10,0.15,0.4,0.4,"{'min_child_weight': 7, 'max_depth': 10, 'learning_rate': 0.15, 'gamma': 0.4, 'colsample_bytree': 0.4}",0.9409974406861727,0.9232897558276268,0.8933388669848517,0.9192086878328837,0.019669371262521346,103
2.0308717091878257,0.060723550256160864,0.0065386295318603516,0.0008365056427596186,1,15,0.15,0.4,0.4,"{'min_child_weight': 1, 'max_depth': 15, 'learning_rate': 0.15, 'gamma': 0.4, 'colsample_bytree': 0.4}",0.9362823084549584,0.91516220516013,0.9057549975790274,0.919066503731372,0.012764843329211803,112
0.7762999534606934,0.07263258893163793,0.005475282669067383,0.00044865676378313285,1,4,0.2,0.2,0.5,"{'min_child_weight': 1, 'max_depth': 4, 'learning_rate': 0.2, 'gamma': 0.2, 'colsample_bytree': 0.5}",0.9393142883493578,0.9154965299393605,0.9094325701505614,0.9214144628130931,0.01289691740304829,35
1.522638161977132,0.03502095502443313,0.006096998850504558,0.00014515160328779276,5,10,0.1,0.1,0.7,"{'min_child_weight': 5, 'max_depth': 10, 'learning_rate': 0.1, 'gamma': 0.1, 'colsample_bytree': 0.7}",0.9455511747481036,0.9149777501095202,0.9048557792073044,0.9217949013549761,0.017299016694272716,31
0.6154052416483561,0.057439154747799044,0.005453904469807942,0.00018935352383987205,1,3,0.25,0.2,0.3,"{'min_child_weight': 1, 'max_depth': 3, 'learning_rate': 0.25, 'gamma': 0.2, 'colsample_bytree': 0.3}",0.9378962901477946,0.9035415369717092,0.883920130963086,0.9084526526941966,0.02230763297338677,297
1.7725917498270671,0.021279447741790188,0.005899588267008464,0.0007494352781376171,1,15,0.25,0.3,0.4,"{'min_child_weight': 1, 'max_depth': 15, 'learning_rate': 0.25, 'gamma': 0.3, 'colsample_bytree': 0.4}",0.9443752738004658,0.9075303774411473,0.8921283807152243,0.914678010652279,0.021920324733844945,253
0.5526591142018636,0.035887232978295235,0.005023638407389323,0.0001356141886430835,3,3,0.1,0.2,0.4,"{'min_child_weight': 3, 'max_depth': 3, 'learning_rate': 0.1, 'gamma': 0.2, 'colsample_bytree': 0.4}",0.9429226902769131,0.9116056812155588,0.9006594268059303,0.9183959327661341,0.017909522548902962,149
0.6915654341379801,0.025138657100510026,0.005131165186564128,6.614768212776066e-05,3,3,0.2,0.2,0.7,"{'min_child_weight': 3, 'max_depth': 3, 'learning_rate': 0.2, 'gamma': 0.2, 'colsample_bytree': 0.7}",0.9359364552350649,0.9221253833206521,0.9082797260842498,0.922113854879989,0.01129081533840948,27
0.8079460461934408,0.0326933860004129,0.005603233973185222,0.0005377645197598631,5,4,0.2,0.3,0.4,"{'min_child_weight': 5, 'max_depth': 4, 'learning_rate': 0.2, 'gamma': 0.3, 'colsample_bytree': 0.4}",0.939717783772567,0.9155772290240023,0.9083604251688917,0.9212184793218204,0.013408672898335763,39
1.4795243740081787,0.0221039836890725,0.006339629491170247,0.00027523111634234095,3,8,0.1,0.0,0.5,"{'min_child_weight': 3, 'max_depth': 8, 'learning_rate': 0.1, 'gamma': 0.0, 'colsample_bytree': 0.5}",0.9397754259758825,0.9168684143782712,0.9038528048696133,0.9201655484079222,0.014849511695524023,74
1.1838992436726887,0.034905263203494186,0.005514701207478841,0.00027431266055211493,1,6,0.1,0.3,0.3,"{'min_child_weight': 1, 'max_depth': 6, 'learning_rate': 0.1, 'gamma': 0.3, 'colsample_bytree': 0.3}",0.937342924995965,0.9126490050955708,0.8948145073897306,0.9149354791604222,0.017437269449075588,248
1.1910624504089355,0.038947844986832326,0.005737781524658203,0.0005988338462157556,5,8,0.25,0.1,0.4,"{'min_child_weight': 5, 'max_depth': 8, 'learning_rate': 0.25, 'gamma': 0.1, 'colsample_bytree': 0.4}",0.9390837195360956,0.9169606419035762,0.9003020451453737,0.9187821355283484,0.01588485539553966,122
1.0429089864095051,0.02061892146703209,0.0054505666097005205,0.0003371576104673292,5,6,0.3,0.0,0.5,"{'min_child_weight': 5, 'max_depth': 6, 'learning_rate': 0.3, 'gamma': 0.0, 'colsample_bytree': 0.5}",0.9355099029305296,0.9223674805745775,0.9094325701505614,0.9224366512185561,0.010646138882643218,23
0.8257039388020834,0.04159286496277891,0.005214850107828776,0.0006374027359102499,5,5,0.2,0.2,0.3,"{'min_child_weight': 5, 'max_depth': 5, 'learning_rate': 0.2, 'gamma': 0.2, 'colsample_bytree': 0.3}",0.9362016093703166,0.9183325263424871,0.898849461621821,0.917794532444875,0.01525369492793494,171
0.9885111649831136,0.022044472400869337,0.005320151646931966,0.0007461723091358787,1,5,0.1,0.1,0.4,"{'min_child_weight': 1, 'max_depth': 5, 'learning_rate': 0.1, 'gamma': 0.1, 'colsample_bytree': 0.4}",0.9437527380046574,0.908994489405363,0.9045560397500634,0.9191010890533612,0.017525273290291618,109
1.645007610321045,0.031288097592763436,0.007092952728271484,0.0005135295260724372,1,12,0.25,0.2,0.5,"{'min_child_weight': 1, 'max_depth': 12, 'learning_rate': 0.25, 'gamma': 0.2, 'colsample_bytree': 0.5}",0.9369279011320929,0.9153236033294136,0.90950174079454,0.9205844150853489,0.011798465238152204,58
1.2213724454243977,0.05578755728185418,0.006487369537353516,0.0004747000726531496,5,10,0.25,0.4,0.4,"{'min_child_weight': 5, 'max_depth': 10, 'learning_rate': 0.25, 'gamma': 0.4, 'colsample_bytree': 0.4}",0.9381038020797307,0.9170759263102073,0.9011205644324548,0.9187667642741308,0.015145608086920871,124
1.513799746831258,0.027057635933678763,0.006070613861083984,0.00017816882856322845,5,15,0.1,0.1,0.5,"{'min_child_weight': 5, 'max_depth': 15, 'learning_rate': 0.1, 'gamma': 0.1, 'colsample_bytree': 0.5}",0.9413548223467293,0.9211800511862765,0.9053515021558185,0.9226287918962748,0.014733949536719968,18
0.9335130850474039,0.047293641773801576,0.005832672119140625,0.00026379856698104906,3,5,0.2,0.2,0.5,"{'min_child_weight': 3, 'max_depth': 5, 'learning_rate': 0.2, 'gamma': 0.2, 'colsample_bytree': 0.5}",0.9311521523598718,0.9142860436697332,0.8999907772474696,0.9151429910923582,0.012736001305690319,247
1.5353349844614665,0.02959132583116318,0.00638270378112793,0.0001938899669203392,1,8,0.05,0.0,0.3,"{'min_child_weight': 1, 'max_depth': 8, 'learning_rate': 0.05, 'gamma': 0.0, 'colsample_bytree': 0.3}",0.9361554956076641,0.9043831131401167,0.8840123584883909,0.9081836557453905,0.02145630878833711,298
0.785517692565918,0.06881675750258527,0.004632314046223958,0.000198288432070535,3,4,0.05,0.0,0.5,"{'min_child_weight': 3, 'max_depth': 4, 'learning_rate': 0.05, 'gamma': 0.0, 'colsample_bytree': 0.5}",0.9455281178667774,0.9099398215397385,0.9022734084987665,0.9192471159684276,0.018845189798540114,101
1.4186821778615315,0.0914767381985505,0.006335814793904622,0.0004282190753470438,7,10,0.1,0.0,0.7,"{'min_child_weight': 7, 'max_depth': 10, 'learning_rate': 0.1, 'gamma': 0.0, 'colsample_bytree': 0.7}",0.9452053215282101,0.9154388877360446,0.8991722579603884,0.9199388224082145,0.019060391643407656,79
1.6678253809611003,0.1330671716353021,0.006665865580240886,0.0010531695091178365,1,10,0.15,0.0,0.3,"{'min_child_weight': 1, 'max_depth': 10, 'learning_rate': 0.15, 'gamma': 0.0, 'colsample_bytree': 0.3}",0.9302529339881487,0.9070922966959489,0.8925434045790966,0.9099628784210648,0.015528089207271377,294
0.656365712483724,0.010380837863126895,0.0051259199778238935,0.00020453454840156808,5,4,0.1,0.4,0.3,"{'min_child_weight': 5, 'max_depth': 4, 'learning_rate': 0.1, 'gamma': 0.4, 'colsample_bytree': 0.3}",0.9380231029950887,0.9127527610615389,0.8993912983329876,0.9167223874632051,0.016019207911947223,207
1.4387872219085693,0.056824129677952355,0.005536317825317383,0.000577368613746172,7,8,0.05,0.2,0.5,"{'min_child_weight': 7, 'max_depth': 8, 'learning_rate': 0.05, 'gamma': 0.2, 'colsample_bytree': 0.5}",0.9430264462428812,0.9123262087570035,0.8976966175555094,0.917683090851798,0.018889511755464834,176
0.6408800284067789,0.011690291436606517,0.005030234654744466,0.0005839125684063805,7,3,0.1,0.1,0.7,"{'min_child_weight': 7, 'max_depth': 3, 'learning_rate': 0.1, 'gamma': 0.1, 'colsample_bytree': 0.7}",0.9487330243711236,0.9077609462544096,0.8951027184063083,0.9171988963439471,0.02288898724844735,189
0.7859956423441569,0.016971149189951906,0.0050610701243082685,0.00011514775443074148,7,4,0.25,0.4,0.4,"{'min_child_weight': 7, 'max_depth': 4, 'learning_rate': 0.25, 'gamma': 0.4, 'colsample_bytree': 0.4}",0.9393719305526734,0.9190472896636002,0.8964054322012404,0.9182748841391714,0.01754950052217159,153
1.7269784609476726,0.03331607776381499,0.005573590596516927,0.0003182643253123106,1,15,0.3,0.3,0.5,"{'min_child_weight': 1, 'max_depth': 15, 'learning_rate': 0.3, 'gamma': 0.3, 'colsample_bytree': 0.5}",0.9375619653685643,0.9081298563556293,0.9026884323626386,0.9161267513622774,0.015318911479809566,227
1.2981867790222168,0.01044560866613426,0.005591074625651042,0.00025606772030383656,5,8,0.1,0.3,0.4,"{'min_child_weight': 5, 'max_depth': 8, 'learning_rate': 0.1, 'gamma': 0.3, 'colsample_bytree': 0.4}",0.9438219086486362,0.9124760784856238,0.8977427313181618,0.918013572817474,0.01921493392251247,163
0.599884033203125,0.010168457094158064,0.005806843439737956,0.000488869504453851,5,3,0.3,0.4,0.5,"{'min_child_weight': 5, 'max_depth': 3, 'learning_rate': 0.3, 'gamma': 0.4, 'colsample_bytree': 0.5}",0.9318899725623112,0.9181019575292246,0.8995872818242605,0.9165264039719322,0.013234493668402013,214
0.8268372217814127,0.008358528840114041,0.006318807601928711,0.0003095039273526008,1,4,0.25,0.0,0.4,"{'min_child_weight': 1, 'max_depth': 4, 'learning_rate': 0.25, 'gamma': 0.0, 'colsample_bytree': 0.4}",0.9390145488921169,0.9145857831269742,0.9044638122247586,0.9193547147479499,0.014502767153626018,95
0.7304464181264242,0.05261776188069567,0.005861043930053711,0.0006637560396346454,1,3,0.15,0.4,0.7,"{'min_child_weight': 1, 'max_depth': 3, 'learning_rate': 0.15, 'gamma': 0.4, 'colsample_bytree': 0.7}",0.9448248829863273,0.9136980931959143,0.9055820709690807,0.9213683490504407,0.0169139822318826,37
0.9714049498240153,0.004877993252833731,0.0058307647705078125,0.0003137034678448316,1,4,0.3,0.2,0.7,"{'min_child_weight': 1, 'max_depth': 4, 'learning_rate': 0.3, 'gamma': 0.2, 'colsample_bytree': 0.7}",0.9422079269557999,0.9124530216042978,0.901627815821632,0.9187629214605765,0.01715706816567748,125
1.3306488990783691,0.018058067084796483,0.005902846654256185,0.00031287424250926087,7,15,0.1,0.1,0.4,"{'min_child_weight': 7, 'max_depth': 15, 'learning_rate': 0.1, 'gamma': 0.1, 'colsample_bytree': 0.4}",0.9414585783126974,0.9184478107491181,0.8972815936916373,0.9190626609178176,0.018040418012522288,113
1.7187426090240479,0.040581345290919314,0.006998380025227864,0.0004813805270664929,1,10,0.2,0.1,0.5,"{'min_child_weight': 1, 'max_depth': 10, 'learning_rate': 0.2, 'gamma': 0.1, 'colsample_bytree': 0.5}",0.9406977012289318,0.91198035553711,0.9032648543957945,0.9186476370539455,0.015992581355675117,130
1.4340698719024658,0.03784215403101552,0.006227334340413411,0.0010131980888655652,3,10,0.2,0.3,0.5,"{'min_child_weight': 3, 'max_depth': 10, 'learning_rate': 0.2, 'gamma': 0.3, 'colsample_bytree': 0.5}",0.9407553434322473,0.9148739941435522,0.9054667865624495,0.9203653747127497,0.014920612295413313,65
1.084086497624715,0.040510736297498406,0.006924152374267578,0.0001476295593974076,5,6,0.15,0.0,0.5,"{'min_child_weight': 5, 'max_depth': 6, 'learning_rate': 0.15, 'gamma': 0.0, 'colsample_bytree': 0.5}",0.9433492425814484,0.9164995042770515,0.906907841645339,0.9222521961679463,0.01542322974261537,25
1.176517407099406,0.01173243145348131,0.006148576736450195,0.000590055333250226,7,8,0.2,0.0,0.4,"{'min_child_weight': 7, 'max_depth': 8, 'learning_rate': 0.2, 'gamma': 0.0, 'colsample_bytree': 0.4}",0.9384727121809504,0.9176177630213738,0.9026077332779968,0.9195660694934403,0.014706486131616642,90
0.8072241942087809,0.013758563209955195,0.005242586135864258,0.000515080261971512,7,4,0.05,0.2,0.5,"{'min_child_weight': 7, 'max_depth': 4, 'learning_rate': 0.05, 'gamma': 0.2, 'colsample_bytree': 0.5}",0.9424961379723779,0.9068847847640128,0.8932696963408729,0.9142168730257545,0.020754602343150595,259
0.827362855275472,0.010129536656959528,0.005719184875488281,0.00041615856555338957,3,4,0.1,0.0,0.5,"{'min_child_weight': 3, 'max_depth': 4, 'learning_rate': 0.1, 'gamma': 0.0, 'colsample_bytree': 0.5}",0.9400405801111341,0.915369717092066,0.9066311590694243,0.9206804854242082,0.01414686181440543,55
0.898935079574585,0.019488099074769623,0.005398273468017578,0.00019520847849259856,1,4,0.05,0.3,0.5,"{'min_child_weight': 1, 'max_depth': 4, 'learning_rate': 0.05, 'gamma': 0.3, 'colsample_bytree': 0.5}",0.9474303105761914,0.9113808766226281,0.8982903322496599,0.9190338398161598,0.020778358159619825,114
1.990053653717041,0.10757889453801622,0.0058176517486572266,0.0004515930272356203,1,10,0.25,0.3,0.7,"{'min_child_weight': 1, 'max_depth': 10, 'learning_rate': 0.25, 'gamma': 0.3, 'colsample_bytree': 0.7}",0.9362016093703165,0.9099744068617278,0.9027114892439649,0.9162958351586697,0.014384421626755291,222
0.6809983253479004,0.07269033344514865,0.0048067569732666016,0.0004522543837715362,7,3,0.15,0.3,0.7,"{'min_child_weight': 7, 'max_depth': 3, 'learning_rate': 0.15, 'gamma': 0.3, 'colsample_bytree': 0.7}",0.9454704756634617,0.9129487445528119,0.8986650065712113,0.9190280755958283,0.01958582282646196,115
1.3034611543019612,0.05676154385442558,0.006147305170694987,0.000626297557723705,5,10,0.15,0.1,0.3,"{'min_child_weight': 5, 'max_depth': 10, 'learning_rate': 0.15, 'gamma': 0.1, 'colsample_bytree': 0.3}",0.9377925341818266,0.9081874985589449,0.9000484194507851,0.9153428173971855,0.016218374147144922,244
1.5660044352213542,0.08702426828183898,0.006014664967854817,0.0002977634781502454,5,15,0.05,0.4,0.5,"{'min_child_weight': 5, 'max_depth': 15, 'learning_rate': 0.05, 'gamma': 0.4, 'colsample_bytree': 0.5}",0.9406631159069424,0.9142514583477438,0.9010629222291393,0.9186591654946085,0.0164644009213671,129
0.9562000433603922,0.02606120199595539,0.006134589513142903,0.000465427115264028,3,5,0.1,0.4,0.4,"{'min_child_weight': 3, 'max_depth': 5, 'learning_rate': 0.1, 'gamma': 0.4, 'colsample_bytree': 0.4}",0.9416545618039703,0.9189781190196215,0.902826773650596,0.9211531514913959,0.015925814639776582,42
1.6660064856211345,0.025402079466241217,0.007185220718383789,0.0004447107939147441,3,10,0.15,0.4,0.5,"{'min_child_weight': 3, 'max_depth': 10, 'learning_rate': 0.15, 'gamma': 0.4, 'colsample_bytree': 0.5}",0.9381268589610571,0.9171105116321966,0.9011666781951073,0.9188013495961203,0.015136224547491027,121
1.280725638071696,0.08755666910067092,0.0064127445220947266,0.0007029338545102911,5,15,0.3,0.2,0.7,"{'min_child_weight': 5, 'max_depth': 15, 'learning_rate': 0.3, 'gamma': 0.2, 'colsample_bytree': 0.7}",0.9387148094348758,0.9149892785501833,0.9021927094141248,0.918632265799728,0.015130971869131982,133
1.4407273928324382,0.11111426974300674,0.006629228591918945,0.00022907025806933421,3,15,0.25,0.0,0.4,"{'min_child_weight': 3, 'max_depth': 15, 'learning_rate': 0.25, 'gamma': 0.0, 'colsample_bytree': 0.4}",0.931567176223744,0.914159230822439,0.9006709552465934,0.9154657874309254,0.012647119179102016,241
1.5162934462229412,0.0394174006892994,0.006822745005289714,0.0007418409658496005,3,12,0.15,0.2,0.4,"{'min_child_weight': 3, 'max_depth': 12, 'learning_rate': 0.15, 'gamma': 0.2, 'colsample_bytree': 0.4}",0.9373775103179544,0.9172603813608171,0.9055244287657651,0.9200541068148457,0.013153158746779407,77
1.0163999398549397,0.16684838113032635,0.005694945653279622,0.0004134808457708864,5,15,0.15,0.1,0.4,"{'min_child_weight': 5, 'max_depth': 15, 'learning_rate': 0.15, 'gamma': 0.1, 'colsample_bytree': 0.4}",0.9354176754052246,0.9159346106845588,0.8987111203338637,0.9166878021412157,0.014994849545304952,208
